time,fx,fy,fz,tx,ty,tz,vx,vy,vz,travel_mm,pos_x,pos_y,pos_z
0.0035,-0.0805,-0.0352,-0.0605,-0.00184,0.00063,0.00085,-5.00,0.00,0.00,0.0,102.91,650.31,302.28
0.0137,-0.0705,-0.3052,0.2894,0.01215,0.01463,-0.00314,-5.00,0.00,0.00,0.0,102.91,650.31,302.28
0.0245,-0.3705,-0.1452,0.1294,-0.00884,0.00863,-0.00114,-5.00,0.00,0.00,0.0,102.91,650.31,302.27
0.0341,0.0194,-0.0252,0.1494,0.01815,0.01063,-0.00214,-5.00,0.00,0.00,0.0,102.91,650.31,302.26
0.0442,-0.0005,-0.0452,-0.1905,0.01615,0.00963,-0.00514,-5.00,0.00,0.00,0.0,102.91,650.31,302.25
0.0544,0.0594,-0.1452,0.0994,0.01015,0.00063,-0.00414,-5.00,0.00,0.00,0.1,102.91,650.31,302.23
0.0642,-0.1905,-0.2352,0.1494,0.00015,0.00363,-0.00514,-5.00,0.00,0.00,0.1,102.91,650.31,302.21
0.0736,-0.1205,0.2347,-0.4805,0.00615,-0.00136,0.00285,-5.00,0.00,0.00,0.1,102.91,650.31,302.19
0.0845,-0.2505,-0.4952,0.2594,0.01415,0.01963,-0.00414,-5.00,0.00,0.00,0.1,102.91,650.31,302.16
0.0946,0.0094,-0.2452,0.5494,0.01215,0.01763,-0.00314,-5.00,0.00,0.00,0.2,102.91,650.31,302.12
0.1043,-0.2205,-0.2252,0.3394,0.02115,0.01863,-0.00214,-5.00,0.00,0.00,0.2,102.91,650.32,302.09
0.1149,-0.0905,-0.0252,0.1794,0.00915,0.00763,0.00185,-5.00,0.00,0.00,0.2,102.91,650.32,302.04
0.1251,-0.0205,-0.1352,0.1294,0.00615,0.00363,-0.00314,-5.00,0.00,0.00,0.3,102.91,650.32,302.01
0.1349,-0.1705,-0.0552,0.0694,-0.00584,0.00863,-0.00214,-5.00,0.00,0.00,0.3,102.91,650.32,301.95
0.1452,0.0394,-0.2352,0.2894,0.01215,0.00963,-0.00414,-5.00,0.00,0.00,0.4,102.91,650.32,301.91
0.1557,0.0094,-0.1452,0.2494,0.01615,0.02163,-0.00014,-5.00,0.00,0.00,0.4,102.91,650.32,301.85
0.1652,0.0694,-0.0252,0.1394,0.00815,0.01663,-0.00314,-5.00,0.00,0.00,0.5,102.91,650.33,301.81
0.1755,0.0194,0.3447,-0.0205,-0.01184,0.01263,0.00085,-5.00,0.00,0.00,0.5,102.91,650.33,301.75
0.1857,0.1394,-0.0252,0.0094,0.01715,0.01163,0.00085,-5.00,0.00,0.00,0.6,102.91,650.33,301.71
0.1956,-0.0405,-0.1452,0.3094,0.01015,0.00263,-0.00114,-5.00,0.00,0.00,0.6,102.91,650.33,301.65
0.2056,0.0194,0.0147,-0.1705,0.01215,-0.00236,-0.00314,-5.00,0.00,0.00,0.7,102.91,650.33,301.61
0.2163,-0.0605,-0.2752,0.4094,0.01015,-0.00636,-0.00414,-5.00,0.00,0.00,0.7,102.91,650.34,301.55
0.2261,-0.0605,-0.3452,0.1994,-0.00184,-0.00736,-0.00214,-5.00,0.00,0.00,0.8,102.91,650.34,301.49
0.2362,-0.2605,-0.1752,0.0194,-0.00584,-0.00236,-0.00314,-5.00,0.00,0.00,0.8,102.91,650.34,301.45
0.2463,0.0294,-0.3052,0.3794,0.00615,0.01263,-0.00514,-5.00,0.00,0.00,0.9,102.91,650.34,301.39
0.2565,0.1294,-0.0052,-0.1205,0.01115,0.00463,0.00085,-5.00,0.00,0.00,0.9,102.91,650.34,301.35
0.2669,-0.1005,-0.1452,0.2994,-0.00784,0.00963,-0.00314,-5.00,0.00,0.00,1.0,102.91,650.35,301.29
0.2769,0.1394,-0.1052,0.2194,0.01815,0.01863,-0.00114,-5.00,0.00,0.00,1.0,102.91,650.35,301.25
0.2868,-0.3005,-0.1552,0.4294,0.01015,0.02263,-0.00114,-5.00,0.00,0.00,1.1,102.91,650.35,301.19
0.2969,0.0394,-0.3752,-0.0005,0.01415,0.00363,-0.00514,-5.00,0.00,0.00,1.1,102.91,650.35,301.15
0.3069,-0.1005,-0.2252,0.3194,0.00115,0.00263,-0.00314,-5.00,0.00,0.00,1.2,102.91,650.35,301.09
0.3170,0.0994,-0.1052,0.1094,0.00715,-0.00036,-0.00114,-5.00,0.00,0.00,1.2,102.91,650.35,301.05
0.3272,-0.1405,0.0647,0.2594,-0.00384,0.00263,-0.00314,-5.00,0.00,0.00,1.3,102.91,650.36,300.99
0.3373,0.0494,-0.1752,-0.1705,0.00615,-0.01436,-0.00114,-5.00,0.00,0.00,1.3,102.91,650.36,300.95
0.3474,-0.1805,-0.1452,0.3594,-0.00184,0.00063,-0.00314,-5.00,0.00,0.00,1.4,102.91,650.36,300.89
0.3573,-0.1805,0.0747,-0.0305,0.00015,-0.00636,0.00185,-5.00,0.00,0.00,1.4,102.91,650.36,300.85
0.3676,-0.0105,-0.3252,0.1294,0.01515,0.00863,-0.00114,-5.00,0.00,0.00,1.5,102.91,650.36,300.79
0.3778,-0.1805,-0.3852,0.2594,0.00815,0.01063,-0.00314,-5.00,0.00,0.00,1.5,102.91,650.37,300.75
0.3879,-0.1705,-0.0452,-0.0105,0.01715,0.01363,0.00085,-5.00,0.00,0.00,1.6,102.92,650.37,300.69
0.3980,-0.1105,-0.1052,0.1494,0.00515,0.01063,-0.00114,-5.00,0.00,0.00,1.7,102.92,650.37,300.63
0.4081,0.0794,-0.6552,0.6894,0.01615,0.02363,-0.00614,-5.00,0.00,0.00,1.7,102.92,650.37,300.59
0.4182,0.0594,-0.0252,0.0294,0.01215,0.00363,-0.00214,-5.00,0.00,0.00,1.8,102.92,650.37,300.53
0.4285,-0.0305,-0.2152,0.3094,0.00515,0.00663,-0.00014,-5.00,0.00,0.00,1.8,102.92,650.37,300.49
0.4386,-0.3505,-0.4052,0.5994,0.00015,0.01863,-0.00214,-5.00,0.00,0.00,1.9,102.92,650.38,300.43
0.4486,-0.1705,-0.1252,0.3694,0.00115,0.01063,-0.00014,-5.00,0.00,0.00,1.9,102.92,650.38,300.39
0.4588,-0.1805,-0.1252,0.2494,0.00115,0.00763,0.00185,-5.00,0.00,0.00,2.0,102.92,650.38,300.33
0.4687,-0.1305,-0.1752,0.1794,-0.00184,0.00363,-0.00314,-5.00,0.00,0.00,2.0,102.92,650.38,300.29
0.4790,0.0894,-0.0352,-0.0205,0.01115,-0.00836,-0.00214,-5.00,0.00,0.00,2.1,102.92,650.38,300.23
0.4892,0.0094,-0.1552,0.2094,0.01715,0.01263,-0.00214,-5.00,0.00,0.00,2.1,102.92,650.39,300.19
0.4992,-0.1605,0.0347,-0.0405,0.01315,0.00363,-0.00114,-5.00,0.00,0.00,2.2,102.92,650.39,300.13
0.5093,-0.0105,-0.1252,0.0694,0.02515,0.00963,-0.00014,-5.00,0.00,0.00,2.2,102.92,650.39,300.09
0.5200,-0.1005,-0.4852,0.4994,0.01015,0.01263,-0.00414,-5.00,0.00,0.00,2.3,102.92,650.39,300.03
0.5295,-0.1105,0.0247,-0.0205,0.00115,0.00363,0.00185,-5.00,0.00,0.00,2.3,102.92,650.39,299.99
0.5397,0.0194,0.0347,0.0894,-0.00784,-0.00236,0.00185,-5.00,0.00,0.00,2.4,102.92,650.40,299.93
0.5498,-0.2205,-0.4652,0.7194,0.00415,0.01263,-0.00114,-5.00,0.00,0.00,2.4,102.92,650.40,299.89
0.5599,-0.2005,0.2347,0.0294,0.00215,-0.00336,0.00385,-5.00,0.00,0.00,2.5,102.92,650.40,299.83
0.5700,-0.3605,-0.2752,0.2094,0.00115,0.01063,-0.00014,-5.00,0.00,0.00,2.5,102.92,650.40,299.77
0.5803,-0.1805,-0.1252,0.1094,-0.01184,0.00463,-0.00414,-5.00,0.00,0.00,2.6,102.92,650.40,299.73
0.5907,-0.1505,-0.0252,-0.0805,0.00315,0.00263,0.00285,-5.00,0.00,0.00,2.6,102.92,650.41,299.67
0.6006,-0.0405,-0.2752,0.0694,0.00615,-0.00236,-0.00214,-5.00,0.00,0.00,2.7,102.92,650.41,299.63
0.6109,-0.2005,-0.1452,-0.0705,-0.00184,0.00663,0.00085,-5.00,0.00,0.00,2.7,102.92,650.41,299.57
0.6212,0.0794,-0.1352,0.1594,0.02615,0.01063,-0.00014,-5.00,0.00,0.00,2.8,102.92,650.41,299.53
0.6312,-0.0805,-0.0752,-0.2205,-0.00184,-0.00336,-0.00114,-5.00,0.00,0.00,2.8,102.92,650.41,299.47
0.6411,-0.0005,-0.3352,0.1894,0.02915,0.01263,-0.00314,-5.00,0.00,0.00,2.9,102.92,650.41,299.43
0.6510,-0.0805,-0.5352,0.2994,0.00615,0.00963,-0.00014,-5.00,0.00,0.00,2.9,102.92,650.42,299.37
0.6617,0.1194,-0.3552,0.2694,0.01415,0.00263,-0.00214,-5.00,0.00,0.00,3.0,102.92,650.42,299.33
0.6720,-0.0705,-0.2252,0.4194,0.00015,0.00863,-0.00114,-5.00,0.00,0.00,3.0,102.92,650.42,299.27
0.6818,-0.0905,0.0947,-0.3005,-0.00284,-0.00436,0.00185,-5.00,0.00,0.00,3.1,102.92,650.42,299.23
0.6926,-0.0305,-0.2852,0.4794,-0.00684,0.00363,-0.00114,-5.00,0.00,0.00,3.1,102.92,650.42,299.17
0.7019,-0.2605,-0.2352,0.2394,0.00615,0.01863,-0.00214,-5.00,0.00,0.00,3.2,102.92,650.43,299.13
0.7124,-0.2005,-0.3652,0.3494,-0.00984,0.00663,-0.00014,-5.00,0.00,0.00,3.2,102.92,650.43,299.07
0.7224,-0.0005,0.0047,-0.0205,-0.00184,-0.00536,0.00185,-5.00,0.00,0.00,3.3,102.92,650.43,299.03
0.7324,-0.1705,-0.3752,0.4494,0.00415,0.02163,-0.00314,-5.00,0.00,0.00,3.3,102.92,650.43,298.97
0.7424,0.2294,0.1147,-0.2405,0.00415,-0.00536,0.00185,-5.00,0.00,0.00,3.4,102.92,650.43,298.91
0.7531,-0.1305,-0.1452,0.1194,0.00315,0.00563,0.00185,-5.00,0.00,0.00,3.4,102.92,650.44,298.87
0.7628,0.0394,-0.3552,0.3494,0.02015,0.00663,-0.00314,-5.00,0.00,0.00,3.5,102.92,650.44,298.81
0.7731,-0.0105,-0.1552,0.0494,0.00815,0.00263,0.00185,-5.00,0.00,0.00,3.5,102.92,650.44,298.77
0.7830,0.0594,-0.1252,0.1794,0.00515,-0.00936,0.00185,-5.00,0.00,0.00,3.6,102.92,650.44,298.71
0.7933,-0.0405,-0.1052,0.4394,0.01615,0.01163,0.00085,-5.00,0.00,0.00,3.6,102.92,650.44,298.67
0.8032,-0.1005,-0.1852,0.4094,0.02115,0.01763,-0.00414,-5.00,0.00,0.00,3.7,102.92,650.44,298.61
0.8135,-0.0205,-0.1252,0.1394,0.01015,0.00663,-0.00414,-5.00,0.00,0.00,3.7,102.92,650.45,298.57
0.8236,0.0594,-0.0052,0.1494,0.01315,0.00663,-0.00214,-5.00,0.00,0.00,3.8,102.92,650.45,298.51
0.8337,0.2094,-0.0452,0.2094,0.01815,0.01063,-0.00014,-5.00,0.00,0.00,3.8,102.92,650.45,298.47
0.8438,-0.1405,-0.0352,0.1994,-0.01084,-0.00036,-0.00214,-5.00,0.00,0.00,3.9,102.92,650.45,298.41
0.8541,-0.0205,-0.5952,0.3594,0.00915,0.01163,-0.00014,-5.00,0.00,0.00,3.9,102.92,650.45,298.37
0.8639,0.0594,-0.0252,0.1994,0.01915,0.00763,-0.00014,-5.00,0.00,0.00,4.0,102.92,650.46,298.31
0.8736,-0.0505,-0.0052,-0.2005,0.01515,0.00263,0.00385,-5.00,0.00,0.00,4.0,102.92,650.46,298.27
0.8842,-0.1405,-0.6452,0.4794,0.00915,0.01163,-0.00314,-5.00,0.00,0.00,4.1,102.92,650.46,298.21
0.8943,-0.0305,-0.3852,0.1794,0.02115,0.01163,-0.00014,-5.00,0.00,0.00,4.1,102.92,650.46,298.15
0.9043,-0.3005,-0.0952,0.1494,0.00115,0.00763,0.00285,-5.00,0.00,0.00,4.2,102.92,650.46,298.11
0.9144,-0.0705,-0.3052,0.0894,0.00815,-0.00236,0.00085,-5.00,0.00,0.00,4.2,102.93,650.47,298.05
0.9249,0.0294,-0.2552,0.3294,0.01615,0.00963,-0.00314,-5.00,0.00,0.00,4.3,102.93,650.47,298.01
0.9348,-0.2105,-0.0952,0.3994,0.00115,0.00563,0.00485,-5.00,0.00,0.00,4.3,102.93,650.47,297.95
0.9448,-0.1305,-0.0452,0.0194,0.01115,0.00763,0.00285,-5.00,0.00,0.00,4.4,102.93,650.47,297.91
0.9554,-0.0205,-0.1952,0.1894,0.01415,0.00563,0.00085,-5.00,0.00,0.00,4.4,102.93,650.47,297.85
0.9651,0.1594,-0.0852,0.1194,0.00215,-0.00636,0.00085,-5.00,0.00,0.00,4.5,102.93,650.47,297.81
0.9754,-0.2705,0.1747,-0.2005,-0.01684,-0.01236,0.00385,-5.00,0.00,0.00,4.5,102.93,650.48,297.75
0.9855,-0.0605,0.0247,0.0594,0.01515,0.00463,-0.00114,-5.00,0.00,0.00,4.6,102.93,650.48,297.71
0.9954,-0.1905,-0.0452,0.4394,-0.01084,0.00863,0.00385,-5.00,0.00,0.00,4.6,102.93,650.48,297.65
1.0056,-0.1105,-0.0552,0.1694,-0.00284,-0.00236,0.00185,-5.00,0.00,0.00,4.7,102.93,650.48,297.61
1.0156,-0.1205,-0.0552,0.1394,0.01315,0.00963,-0.00114,-5.00,0.00,0.00,4.7,102.93,650.48,297.55
1.0258,-0.0005,0.0247,0.2994,0.01715,0.01263,-0.00014,-5.00,0.00,0.00,4.8,102.93,650.49,297.51
1.0359,-0.0205,-0.2352,0.3694,0.01215,0.00863,0.00185,-5.00,0.00,0.00,4.8,102.93,650.49,297.45
1.0460,0.1194,-0.2252,0.3294,0.00415,-0.00236,0.00085,-5.00,0.00,0.00,4.9,102.93,650.49,297.41
1.0562,-0.0005,-0.2252,0.3094,0.00915,0.00763,0.00085,-5.00,0.00,0.00,4.9,102.93,650.49,297.35
1.0662,0.0094,-0.0952,0.3494,0.01515,0.00963,0.00185,-5.00,0.00,0.00,5.0,102.93,650.49,297.29
1.0762,-0.1505,-0.2352,0.3494,0.00715,0.01263,0.00085,-5.00,0.00,0.00,5.0,102.93,650.50,297.25
1.0864,-0.1005,-0.5152,0.5094,0.00615,0.00663,-0.00414,-5.00,0.00,0.00,5.1,102.93,650.50,297.19
1.0966,-0.0605,-0.2252,0.1594,0.01415,0.00763,-0.00014,-5.00,0.00,0.00,5.1,102.93,650.50,297.15
1.1066,-0.1705,0.1247,-0.2005,-0.00584,-0.00336,0.00285,-5.00,0.00,0.00,5.2,102.93,650.50,297.09
1.1167,-0.0805,-0.0252,0.2994,0.00615,0.00963,0.00485,-5.00,0.00,0.00,5.2,102.93,650.50,297.05
1.1269,-0.2005,-0.1652,0.2094,0.01415,0.01563,0.00285,-5.00,0.00,0.00,5.3,102.93,650.51,296.99
1.1368,-0.2805,0.0647,0.0094,0.00415,0.00663,0.00185,-5.00,0.00,0.00,5.3,102.93,650.51,296.95
1.1472,-0.1605,-0.4252,0.4194,0.00515,0.00663,-0.00214,-5.00,0.00,0.00,5.4,102.93,650.51,296.89
1.1576,-0.0305,-0.2352,0.1794,0.01315,0.00463,-0.00014,-5.00,0.00,0.00,5.4,102.93,650.51,296.85
1.1676,-0.0605,-0.1252,-0.0905,0.00915,-0.01236,0.00285,-5.00,0.00,0.00,5.5,102.93,650.51,296.79
1.1775,-0.1605,-0.4352,0.3894,-0.00284,0.00263,-0.00114,-5.00,0.00,0.00,5.5,102.93,650.51,296.75
1.1876,-0.2005,0.0447,0.0994,-0.00184,0.00563,0.00085,-5.00,0.00,0.00,5.6,102.93,650.52,296.69
1.1981,-0.0705,-0.2452,0.1894,0.00015,0.00363,0.00185,-5.00,0.00,0.00,5.6,102.93,650.52,296.65
1.2080,-0.1905,-0.0352,0.1094,-0.00584,0.00063,0.00385,-5.00,0.00,0.00,5.7,102.93,650.52,296.59
1.2180,-0.2205,-0.0552,0.1594,-0.00484,0.00463,-0.00014,-5.00,0.00,0.00,5.8,102.93,650.52,296.53
1.2286,-0.0705,-0.0152,-0.0005,0.01115,0.00163,0.00285,-5.00,0.00,0.00,5.8,102.93,650.52,296.49
1.2382,-0.0105,-0.0152,0.0494,0.01215,0.00663,0.00485,-5.00,0.00,0.00,5.9,102.93,650.53,296.43
1.2485,-0.1105,-0.2252,0.1194,-0.00084,0.00163,0.00085,-5.00,0.00,0.00,5.9,102.93,650.53,296.39
1.2588,0.0294,-0.0052,0.1194,0.00215,-0.00336,-0.00114,-5.00,0.00,0.00,6.0,102.93,650.53,296.33
1.2692,0.0394,0.2147,-0.1905,-0.00284,-0.00636,0.00485,-5.00,0.00,0.00,6.0,102.93,650.53,296.29
1.2788,-0.1805,-0.2052,0.3294,-0.00184,0.00163,0.00285,-5.00,0.00,0.00,6.1,102.93,650.53,296.23
1.2891,-0.1305,-0.2952,0.0494,0.00015,-0.00036,0.00185,-5.00,0.00,0.00,6.1,102.93,650.53,296.19
1.2989,0.0994,-0.5052,0.6894,0.01815,0.01563,-0.00514,-5.00,0.00,0.00,6.2,102.93,650.54,296.13
1.3093,-0.0505,-0.2552,0.2294,-0.00884,-0.00536,-0.00014,-5.00,0.00,0.00,6.2,102.93,650.54,296.09
1.3193,-0.1105,-0.1252,0.1194,0.00515,0.00663,-0.00214,-5.00,0.00,0.00,6.3,102.93,650.54,296.03
1.3300,-0.0605,-0.2852,0.4594,0.00515,0.00863,-0.00014,-5.00,0.00,0.00,6.3,102.93,650.54,295.99
1.3398,0.0494,-0.1752,0.2194,0.01815,0.00663,0.00185,-5.00,0.00,0.00,6.4,102.93,650.54,295.93
1.3497,-0.3505,-0.1552,0.3094,-0.00384,0.00663,0.00085,-5.00,0.00,0.00,6.4,102.93,650.55,295.89
1.3600,-0.1505,-0.1152,-0.2905,0.00615,0.00563,0.00185,-5.00,0.00,0.00,6.5,102.93,650.55,295.83
1.3700,-0.0405,-0.2052,0.2994,-0.00384,-0.00036,-0.00014,-5.00,0.00,0.00,6.5,102.93,650.55,295.79
1.3804,-0.0205,-0.0052,-0.0305,0.01215,-0.00436,0.00285,-5.00,0.00,0.00,6.6,102.93,650.55,295.73
1.3903,-0.1205,-0.4952,0.3794,0.00015,-0.00136,0.00185,-5.00,0.00,0.00,6.6,102.93,650.55,295.67
1.4004,-0.1605,-0.3252,0.1094,-0.00084,0.01263,-0.00014,-5.00,0.00,0.00,6.7,102.93,650.56,295.63
1.4111,-0.0005,-0.1352,0.0594,0.00715,0.00763,0.00085,-5.00,0.00,0.00,6.7,102.93,650.56,295.57
1.4209,-0.1305,0.1147,-0.0405,0.00715,0.00063,0.00385,-5.00,0.00,0.00,6.8,102.93,650.56,295.53
1.4307,-0.0205,-0.2952,0.3994,0.01015,0.00763,0.00085,-5.00,0.00,0.00,6.8,102.93,650.56,295.47
1.4410,-0.0505,-0.1252,0.2194,0.00115,-0.00336,0.00085,-5.00,0.00,0.00,6.9,102.93,650.56,295.43
1.4514,-0.1205,-0.1752,-0.0605,0.00815,0.00463,0.00485,-5.00,0.00,0.00,6.9,102.93,650.57,295.37
1.4614,-0.0905,-0.2952,0.2594,0.01215,0.00063,0.00485,-5.00,0.00,0.00,7.0,102.94,650.57,295.33
1.4723,-0.1205,0.0847,0.0094,-0.00084,-0.00536,0.00485,-5.00,0.00,0.00,7.0,102.94,650.57,295.27
1.4815,0.2094,-0.3852,0.1994,0.01215,-0.00536,0.00285,-5.00,0.00,0.00,7.1,102.94,650.57,295.23
1.4919,-0.0205,-0.0852,-0.1605,0.00115,-0.00436,0.00485,-5.00,0.00,0.00,7.1,102.94,650.57,295.17
1.5016,0.0194,0.0247,0.0294,0.01515,0.00263,0.00085,-5.00,0.00,0.00,7.2,102.94,650.57,295.13
1.5119,-0.0305,-0.0252,0.1694,0.01815,0.01263,0.00085,-5.00,0.00,0.00,7.2,102.94,650.58,295.07
1.5221,-0.2305,-0.1352,-0.0805,-0.00184,0.00163,0.00085,-5.00,0.00,0.00,7.3,102.94,650.58,295.03
1.5322,-0.0805,-0.0052,-0.1105,-0.00284,-0.00636,0.00085,-5.00,0.00,0.00,7.3,102.94,650.58,294.97
1.5420,0.0294,0.0747,0.1594,0.01315,0.00463,0.00585,-5.00,0.00,0.00,7.4,102.94,650.58,294.91
1.5522,-0.0805,-0.0752,0.1894,0.00615,0.00163,-0.00014,-5.00,0.00,0.00,7.4,102.94,650.58,294.87
1.5629,-0.2005,-0.0752,0.1894,0.00515,0.00763,-0.00014,-5.00,0.00,0.00,7.5,102.94,650.59,294.81
1.5724,-0.2305,-0.2152,0.3294,0.00715,0.01063,0.00185,-5.00,0.00,0.00,7.5,102.94,650.59,294.77
1.5826,0.0294,-0.2352,0.3294,0.01415,0.00663,0.00085,-5.00,0.00,0.00,7.6,102.94,650.59,294.71
1.5927,0.0094,-0.1652,0.4594,0.02015,0.01163,-0.00014,-5.00,0.00,0.00,7.6,102.94,650.59,294.67
1.6031,-0.2105,-0.2252,0.4594,0.01615,0.02163,0.00285,-5.00,0.00,0.00,7.7,102.94,650.59,294.61
1.6130,0.0594,0.1047,-0.0405,0.01115,-0.00136,0.00785,-5.00,0.00,0.00,7.7,102.94,650.60,294.57
1.6231,-0.0505,-0.0652,0.0894,0.00615,0.00163,0.00385,-5.00,0.00,0.00,7.8,102.94,650.60,294.51
1.6332,-0.0605,-0.2952,0.2694,0.00715,0.00563,0.00085,-5.00,0.00,0.00,7.8,102.94,650.60,294.47
1.6438,-0.2405,-0.1052,0.0094,0.00315,-0.00436,0.00385,-5.00,0.00,0.00,7.9,102.94,650.60,294.41
1.6534,-0.2205,0.0647,-0.1405,-0.00584,0.00563,0.00085,-5.00,0.00,0.00,7.9,102.94,650.60,294.37
1.6635,-0.0205,0.1247,0.0394,-0.00584,-0.00136,0.00085,-5.00,0.00,0.00,8.0,102.94,650.60,294.31
1.6742,-0.1605,-0.0652,0.2894,0.01515,0.00763,0.00085,-5.00,0.00,0.00,8.0,102.94,650.61,294.27
1.6838,-0.0105,0.1547,-0.1005,0.00615,-0.00036,0.00185,-5.00,0.00,0.00,8.1,102.94,650.61,294.21
1.6937,0.0294,-0.2552,0.2394,0.00915,0.00863,0.00085,-5.00,0.00,0.00,8.1,102.94,650.61,294.17
1.7040,-0.0705,-0.2952,0.3194,0.01715,0.01663,-0.00014,-5.00,0.00,0.00,8.2,102.94,650.61,294.11
1.7147,-0.2505,-0.4752,0.5894,0.00715,0.00763,0.00385,-5.00,0.00,0.00,8.2,102.94,650.61,294.05
1.7241,-0.1505,-0.0452,0.2494,-0.00284,-0.00236,0.00385,-5.00,0.00,0.00,8.3,102.94,650.62,294.01
1.7343,-0.1905,0.0147,0.1194,-0.00484,-0.00236,0.00485,-5.00,0.00,0.00,8.3,102.94,650.62,293.95
1.7444,-0.0305,-0.0152,0.0694,-0.00084,-0.00236,0.00285,-5.00,0.00,0.00,8.4,102.94,650.62,293.91
1.7549,-0.0705,-0.1352,0.2694,0.01915,0.01763,-0.00014,-5.00,0.00,0.00,8.4,102.94,650.62,293.85
1.7648,-0.1505,-0.0052,0.1694,0.00215,0.00663,0.00085,-5.00,0.00,0.00,8.5,102.94,650.62,293.81
1.7748,0.0294,0.1947,-0.1605,0.00415,-0.00536,0.00385,-5.00,0.00,0.00,8.5,102.94,650.63,293.75
1.7849,-0.0405,0.0747,0.0094,0.00915,0.00163,0.00485,-5.00,0.00,0.00,8.6,102.94,650.63,293.71
1.7950,0.0894,-0.3152,0.1694,0.02015,-0.00136,-0.00014,-5.00,0.00,0.00,8.6,102.94,650.63,293.65
1.8054,-0.0005,-0.1452,0.2894,0.01415,0.01063,0.00285,-5.00,0.00,0.00,8.7,102.94,650.63,293.61
1.8152,-0.1005,-0.2552,0.2394,0.00415,0.00663,0.00085,-5.00,0.00,0.00,8.7,102.94,650.63,293.55
1.8257,-0.1105,-0.2452,0.1694,0.00715,0.00463,0.00085,-5.00,0.00,0.00,8.8,102.94,650.63,293.52
1.8357,-0.0705,-0.0352,0.2594,0.00815,0.00463,-0.00014,-5.00,0.00,0.00,8.8,102.94,650.64,293.46
1.8458,-0.2805,0.3847,-0.0005,-0.00884,-0.00136,0.00485,-5.00,0.00,0.00,8.9,102.94,650.64,293.42
1.8561,-0.1205,-0.1952,0.2694,0.00215,0.00163,0.00385,-5.00,0.00,0.00,8.9,102.94,650.64,293.36
1.8665,-0.1105,-0.4552,0.4694,0.02115,0.02063,-0.00214,-5.00,0.00,0.00,9.0,102.94,650.64,293.30
1.8761,-0.0805,0.1747,0.2294,0.00615,0.00163,0.00385,-5.00,0.00,0.00,9.0,102.94,650.64,293.26
1.8865,-0.0105,0.2547,-0.1205,0.01415,-0.00436,0.00285,-5.00,0.00,0.00,9.1,102.94,650.65,293.20
1.8970,-0.3205,-0.0852,0.5394,0.00715,0.01563,0.00385,-5.00,0.00,0.00,9.1,102.94,650.65,293.16
1.9065,0.0294,-0.4052,0.5794,0.01815,0.01363,-0.00614,-5.00,0.00,0.00,9.2,102.94,650.65,293.10
1.9167,-0.0605,0.0647,-0.0605,-0.00484,-0.00836,0.00585,-5.00,0.00,0.00,9.2,102.94,650.65,293.06
1.9271,-0.1405,-0.1352,0.2694,0.01715,0.01063,0.00285,-5.00,0.00,0.00,9.3,102.94,650.65,293.00
1.9370,-0.3305,-0.0852,0.3094,-0.00584,0.00263,0.00285,-5.00,0.00,0.00,9.3,102.94,650.66,292.96
1.9469,-0.2105,-0.0352,0.2294,-0.00284,0.00163,0.00585,-5.00,0.00,0.00,9.4,102.94,650.66,292.90
1.9571,0.0694,-0.1452,0.3794,0.01515,0.00563,0.00285,-5.00,0.00,0.00,9.4,102.94,650.66,292.86
1.9674,-0.2305,0.4247,-0.0105,0.00415,0.00263,0.00885,-5.00,0.00,0.00,9.5,102.94,650.66,292.80
1.9772,-0.0905,0.0847,0.0194,-0.00084,-0.00136,0.00785,-5.00,0.00,0.00,9.5,102.94,650.66,292.76
1.9874,-0.0405,0.0147,0.0994,0.02215,0.01563,-0.00014,-5.00,0.00,0.00,9.6,102.94,650.67,292.70
1.9979,-0.0105,0.2447,-0.0705,0.00715,-0.00436,0.00385,-5.00,0.00,0.00,9.6,102.94,650.67,292.66
2.0075,-0.0205,0.1947,0.0494,0.00415,-0.00736,0.00585,-5.00,0.00,0.00,9.7,102.95,650.67,292.60
2.0178,-0.0305,-0.5952,0.4794,0.00615,0.01063,-0.00414,-5.00,0.00,0.00,9.7,102.95,650.67,292.56
2.0281,-0.1205,0.2447,-0.1005,-0.00084,0.00263,0.00485,-5.00,0.00,0.00,9.8,102.95,650.67,292.50
2.0381,-0.2505,0.0447,0.0394,0.01115,0.01463,0.00485,-5.00,0.00,0.00,9.8,102.95,650.67,292.46
2.0482,0.0294,-0.1052,0.1994,-0.00184,-0.00436,0.00185,-5.00,0.00,0.00,9.9,102.95,650.68,292.40
2.0584,-0.2105,0.2047,0.0294,0.00315,0.00263,0.00685,-5.00,0.00,0.00,10.0,102.95,650.68,292.34
2.0684,-0.0605,-0.2852,0.2194,-0.00484,0.00363,0.00085,-5.00,0.00,0.00,10.0,102.95,650.68,292.30
2.0786,-0.0305,0.0447,-0.2405,0.01115,-0.00336,0.00485,-5.00,0.00,0.00,10.1,102.95,650.68,292.24
2.0888,-0.2705,-0.1052,0.3094,-0.00284,-0.00136,0.00285,-5.00,0.00,0.00,10.1,102.95,650.68,292.20
2.0988,-0.0705,0.0247,0.0594,-0.00084,-0.00236,0.00285,-5.00,0.00,0.00,10.2,102.95,650.69,292.14
2.1091,-0.1205,-0.1152,0.1594,0.01515,0.01663,0.00485,-5.00,0.00,0.00,10.2,102.95,650.69,292.10
2.1190,-0.0905,-0.3152,-0.0405,0.01715,0.00563,0.00185,-5.00,0.00,0.00,10.3,102.95,650.69,292.04
2.1294,-0.0905,-0.0452,0.2494,0.00015,-0.00436,0.00685,-5.00,0.00,0.00,10.3,102.95,650.69,292.00
2.1395,0.0894,0.2347,-0.0105,0.00815,0.00663,0.00285,-5.00,0.00,0.00,10.4,102.95,650.69,291.94
2.1494,-0.2605,0.0347,0.3194,-0.00384,0.00863,0.00585,-5.00,0.00,0.00,10.4,102.95,650.70,291.90
2.1596,-0.1405,0.0347,0.1094,0.00715,-0.00036,0.00585,-5.00,0.00,0.00,10.5,102.95,650.70,291.84
2.1698,-0.2205,-0.1752,0.4594,-0.00384,0.00863,0.00285,-5.00,0.00,0.00,10.5,102.95,650.70,291.80
2.1798,0.0094,-0.1652,0.5194,0.00815,0.01163,0.00285,-5.00,0.00,0.00,10.6,102.95,650.70,291.74
2.1900,-0.0105,-0.1852,-0.0005,-0.00384,-0.01236,0.00485,-5.00,0.00,0.00,10.6,102.95,650.70,291.70
2.2002,-0.1105,-0.2852,0.2394,0.00415,0.00363,0.00385,-5.00,0.00,0.00,10.7,102.95,650.70,291.64
2.2100,-0.0205,-0.5752,0.3594,0.01315,0.01563,-0.00214,-5.00,0.00,0.00,10.7,102.95,650.71,291.60
2.2201,-0.0105,-0.2652,0.4094,0.02815,0.02163,-0.00014,-5.00,0.00,0.00,10.8,102.95,650.71,291.54
2.2303,-0.3705,0.0747,-0.0105,-0.01584,-0.00536,0.00885,-5.00,0.00,0.00,10.8,102.95,650.71,291.48
2.2404,-0.0705,0.0347,0.2494,0.00315,-0.00036,0.00185,-5.00,0.00,0.00,10.9,102.95,650.71,291.44
2.2503,-0.1505,-0.3752,0.6694,0.01215,0.01563,-0.00214,-5.00,0.00,0.00,10.9,102.95,650.71,291.38
2.2605,-0.2005,-0.0652,0.1294,-0.01084,-0.00536,0.00485,-5.00,0.00,0.00,11.0,102.95,650.72,291.34
2.2705,-0.0205,-0.3052,0.3794,0.01315,0.00263,0.00385,-5.00,0.00,0.00,11.0,102.95,650.72,291.28
2.2809,-0.1605,-0.1352,0.5894,-0.00084,0.00463,0.00085,-5.00,0.00,0.00,11.1,102.95,650.72,291.24
2.2909,-0.0105,-0.2252,0.4494,0.01515,0.01363,-0.00014,-5.00,0.00,0.00,11.1,102.95,650.72,291.18
2.3008,-0.1405,-0.1452,0.4894,0.00415,0.00563,0.00685,-5.00,0.00,0.00,11.2,102.95,650.72,291.14
2.3111,-0.0205,-0.1752,0.3094,0.00815,0.00963,0.00385,-5.00,0.00,0.00,11.2,102.95,650.73,291.08
2.3216,-0.0205,-0.1952,0.1794,0.01715,0.00363,0.00385,-5.00,0.00,0.00,11.3,102.95,650.73,291.04
2.3311,-0.2505,-0.2352,0.4094,0.00515,0.01663,0.00085,-5.00,0.00,0.00,11.3,102.95,650.73,290.98
2.3413,0.0794,-0.4652,0.3794,0.01315,-0.00736,0.00085,-5.00,0.00,0.00,11.4,102.95,650.73,290.94
2.3516,-0.0405,-0.2552,0.4394,0.01315,0.00563,-0.00214,-5.00,0.00,0.00,11.4,102.95,650.73,290.88
2.3616,-0.1705,0.1647,0.2694,0.00815,0.00563,0.00285,-5.00,0.00,0.00,11.5,102.95,650.73,290.84
2.3717,-0.0405,-0.2352,0.2794,-0.00984,-0.00336,-0.00014,-5.00,0.00,0.00,11.5,102.95,650.74,290.78
2.3821,-0.1105,0.2647,0.0094,0.00515,-0.00636,0.00785,-5.00,0.00,0.00,11.6,102.95,650.74,290.74
2.3920,0.0394,-0.2252,-0.0705,0.01315,-0.00436,0.00685,-5.00,0.00,0.00,11.6,102.95,650.74,290.68
2.4020,-0.0405,-0.1852,0.1294,0.00615,0.00763,0.00285,-5.00,0.00,0.00,11.7,102.95,650.74,290.64
2.4125,-0.1105,-0.2752,0.4694,0.00015,0.00263,0.00485,-5.00,0.00,0.00,11.7,102.95,650.74,290.58
2.4222,-0.2005,-0.0652,0.2194,0.00315,0.00763,0.00785,-5.00,0.00,0.00,11.8,102.95,650.75,290.52
2.4324,-0.0705,0.0047,0.2494,0.00915,0.00263,0.00785,-5.00,0.00,0.00,11.8,102.95,650.75,290.48
2.4429,0.0694,-0.0052,-0.1605,0.01615,-0.00336,0.00485,-5.00,0.00,0.00,11.9,102.95,650.75,290.42
2.4526,-0.0005,-0.3152,0.1194,0.00115,-0.00736,0.00085,-5.00,0.00,0.00,11.9,102.95,650.75,290.38
2.4628,-0.1105,-0.2052,0.3194,0.01315,0.00663,0.00485,-5.00,0.00,0.00,12.0,102.95,650.75,290.32
2.4738,0.0194,-0.1652,0.1794,0.01315,-0.00136,0.00085,-5.00,0.00,0.00,12.0,102.95,650.76,290.28
2.4831,-0.0905,0.1547,-0.2305,0.01115,-0.00936,0.00585,-5.00,0.00,0.00,12.1,102.95,650.76,290.22
2.4933,-0.1905,-0.2952,0.2694,0.01015,0.01063,0.00285,-5.00,0.00,0.00,12.1,102.95,650.76,290.18
2.5033,0.0594,0.4747,-0.1805,0.00315,-0.01136,0.00685,-5.00,0.00,0.00,12.2,102.95,650.76,290.12
2.5133,0.0694,0.2247,-0.3005,0.00615,-0.01036,0.00685,-5.00,0.00,0.00,12.2,102.95,650.76,290.08
2.5238,-0.2205,-0.0552,0.1694,0.00715,0.00163,0.00385,-5.00,0.00,0.00,12.3,102.95,650.77,290.02
2.5338,0.0094,-0.1852,-0.0005,-0.01084,-0.00936,0.00085,-5.00,0.00,0.00,12.3,102.95,650.77,289.98
2.5438,0.0694,-0.0552,0.2294,0.02515,0.01463,0.00585,-5.00,0.00,0.00,12.4,102.95,650.77,289.92
2.5542,0.0994,-0.2452,0.3794,0.01715,0.01063,-0.00114,-5.00,0.00,0.00,12.4,102.95,650.77,289.88
2.5640,0.0494,-0.1152,0.0394,0.03515,0.01263,0.00785,-5.00,0.00,0.00,12.5,102.96,650.77,289.82
2.5740,-0.0905,-0.1552,0.3294,0.00915,-0.00336,0.00085,-5.00,0.00,0.00,12.5,102.96,650.77,289.76
2.5844,-0.0205,-0.1752,-0.1805,0.00715,-0.00936,0.00285,-5.00,0.00,0.00,12.6,102.96,650.78,289.72
2.5944,0.0594,-0.0052,0.0294,0.00915,-0.00836,0.00385,-5.00,0.00,0.00,12.6,102.96,650.78,289.66
2.6045,-0.0805,0.0547,0.0594,0.00915,0.00263,0.00585,-5.00,0.00,0.00,12.7,102.96,650.78,289.62
2.6146,0.0594,-0.0152,-0.0405,0.01215,0.00063,0.00385,-5.00,0.00,0.00,12.7,102.96,650.78,289.56
2.6248,-0.1805,-0.0852,0.2594,0.00115,-0.00036,0.00085,-5.00,0.00,0.00,12.8,102.96,650.78,289.52
2.6347,-0.2805,-0.2952,0.3994,0.01715,0.02063,0.00085,-5.00,0.00,0.00,12.8,102.96,650.79,289.46
2.6448,-0.0905,-0.1552,0.0394,0.01915,0.01163,0.00285,-5.00,0.00,0.00,12.9,102.96,650.79,289.42
2.6551,-0.1705,0.1447,-0.0605,0.00115,-0.00036,0.00885,-5.00,0.00,0.00,12.9,102.96,650.79,289.36
2.6651,-0.0205,-0.1052,-0.2405,0.00515,-0.01236,0.00385,-5.00,0.00,0.00,13.0,102.96,650.79,289.32
2.6742,0.0794,-0.3252,0.2194,0.02815,0.01263,0.00085,-5.00,0.00,0.00,13.0,102.96,650.79,289.26
2.6856,0.0694,-0.0952,0.1194,0.01015,0.00363,0.00585,-5.00,0.00,0.00,13.1,102.96,650.80,289.22
2.6955,-0.1605,0.1147,0.2794,-0.00984,0.00263,0.00685,-5.00,0.00,0.00,13.1,102.96,650.80,289.16
2.7056,-0.0705,0.0347,0.2094,0.01515,0.01063,0.00085,-5.00,0.00,0.00,13.2,102.96,650.80,289.12
2.7157,-0.0305,-0.4452,0.2094,-0.00384,-0.00336,-0.00114,-5.00,0.00,0.00,13.2,102.96,650.80,289.06
2.7261,-0.2205,-0.3252,0.4094,0.00315,0.00863,0.00185,-5.00,0.00,0.00,13.3,102.96,650.80,289.02
2.7360,-0.2305,-0.2052,0.0394,-0.00584,0.00663,-0.00014,-5.00,0.00,0.00,13.3,102.96,650.80,288.96
2.7501,-0.1305,0.0547,0.1694,0.00715,0.00663,0.00285,-5.00,0.00,0.00,13.4,102.96,650.81,288.90
2.7602,-0.1905,0.0547,0.3494,0.00815,0.00363,0.00485,-5.00,0.00,0.00,13.4,102.96,650.81,288.84
2.7701,-0.1505,-0.1052,0.0694,-0.00084,0.00663,0.00185,-5.00,0.00,0.00,13.5,102.96,650.81,288.78
2.7802,-0.1105,0.1347,-0.0605,0.00015,-0.00136,0.00485,-5.00,0.00,0.00,13.5,102.96,650.81,288.74
2.7908,-0.2405,-0.3052,0.5294,0.00515,0.01063,-0.00014,-5.00,0.00,0.00,13.6,102.96,650.82,288.68
2.8004,-0.0505,-0.0852,0.1094,0.01215,0.00063,0.00385,-5.00,0.00,0.00,13.6,102.96,650.82,288.64
2.8106,-0.0305,-0.2352,0.2194,0.00115,0.00263,0.00585,-5.00,0.00,0.00,13.7,102.96,650.82,288.58
2.8209,-0.1505,-0.1952,-0.0105,0.00115,-0.00136,0.00385,-5.00,0.00,0.00,13.7,102.96,650.82,288.54
2.8308,0.0194,-0.1552,-0.0005,0.01815,0.00563,0.00185,-5.00,0.00,0.00,13.8,102.96,650.82,288.48
2.8410,-0.1705,-0.0952,-0.0705,-0.01084,-0.00736,0.00385,-5.00,0.00,0.00,13.8,102.96,650.82,288.44
2.8512,-0.0105,0.1047,0.1094,0.01315,0.00163,0.00485,-5.00,0.00,0.00,13.9,102.96,650.83,288.38
2.8614,-0.0305,-0.1852,0.1494,0.01815,0.00663,0.00185,-5.00,0.00,0.00,13.9,102.96,650.83,288.34
2.8712,-0.0905,-0.2152,0.1894,0.01115,0.00363,0.00485,-5.00,0.00,0.00,14.0,102.96,650.83,288.28
2.8813,-0.4205,0.2747,-0.3105,-0.01184,-0.00836,0.00685,-5.00,0.00,0.00,14.0,102.96,650.83,288.24
2.8920,-0.3005,0.0347,-0.0405,0.00015,0.00163,0.00585,-5.00,0.00,0.00,14.1,102.96,650.83,288.18
2.9017,-0.0205,0.2347,0.2694,0.00815,0.00363,0.00685,-5.00,0.00,0.00,14.1,102.96,650.84,288.14
2.9118,-0.1805,0.2147,-0.1105,0.00315,-0.00736,0.00885,-5.00,0.00,0.00,14.2,102.96,650.84,288.08
2.9221,-0.0105,-0.0552,-0.1105,0.02515,-0.00036,0.00285,-5.00,0.00,0.00,14.2,102.96,650.84,288.04
2.9320,-0.0105,0.0147,-0.0905,0.03315,0.00963,0.00185,-5.00,0.00,0.00,14.3,102.96,650.84,287.98
2.9421,-0.0005,-0.1052,0.2894,0.00415,0.00563,0.00285,-5.00,0.00,0.00,14.4,102.96,650.84,287.92
2.9524,-0.2605,0.2647,-0.0105,-0.00984,-0.00436,0.00585,-5.00,0.00,0.00,14.4,102.96,650.85,287.88
2.9624,-0.1405,-0.0252,0.0594,-0.00884,-0.01436,0.00885,-5.00,0.00,0.00,14.5,102.96,650.85,287.82
2.9725,-0.2005,-0.2252,-0.0505,0.00615,0.00263,0.00385,-5.00,0.00,0.00,14.5,102.96,650.85,287.78
2.9827,-0.2705,-0.2652,0.4494,-0.00184,0.00563,0.00385,-5.00,0.00,0.00,14.6,102.96,650.85,287.72
2.9930,-0.0905,-0.0152,0.0294,0.01915,-0.00436,0.00285,-5.00,0.00,0.00,14.6,102.96,650.85,287.68
3.0028,0.0294,-0.0252,0.4094,0.02415,0.00663,0.00385,-5.00,0.00,0.00,14.7,102.96,650.85,287.62
3.0130,-0.0805,-0.0052,0.2894,-0.00284,-0.00136,0.00385,-5.00,0.00,0.00,14.7,102.96,650.86,287.58
3.0230,-0.1505,-0.1352,0.3394,0.02815,0.01863,0.00385,-5.00,0.00,0.00,14.8,102.96,650.86,287.52
3.0335,-0.0905,-0.2352,0.3394,0.00615,0.00663,0.00185,-5.00,0.00,0.00,14.8,102.96,650.86,287.48
3.0435,0.0594,-0.2652,0.2494,0.02115,0.00563,0.00185,-5.00,0.00,0.00,14.9,102.96,650.86,287.42
3.0538,-0.1605,-0.0452,0.3094,0.01515,0.01163,0.00585,-5.00,0.00,0.00,14.9,102.96,650.86,287.38
3.0635,-0.3205,-0.2852,0.6094,-0.00584,0.01463,-0.00014,-5.00,0.00,0.00,15.0,102.96,650.87,287.32
3.0739,-0.1705,-0.0852,0.3494,0.00515,0.00563,0.00385,-5.00,0.00,0.00,15.0,102.96,650.87,287.28
3.0838,-0.0205,-0.0552,0.0394,0.02315,0.00563,0.00685,-5.00,0.00,0.00,15.1,102.96,650.87,287.22
3.0940,-0.1505,-0.1252,0.3394,-0.00984,-0.00336,0.00285,-5.00,0.00,0.00,15.1,102.96,650.87,287.18
3.1040,-0.1305,-0.1652,0.0894,0.00615,0.01163,-0.00114,-5.00,0.00,0.00,15.2,102.96,650.87,287.12
3.1144,0.0094,0.0547,0.2794,0.00715,-0.00136,0.00885,-5.00,0.00,0.00,15.2,102.96,650.87,287.08
3.1248,0.0494,-0.0652,0.0294,0.01315,-0.00336,0.00285,-5.00,0.00,0.00,15.3,102.96,650.88,287.02
3.1345,-0.1305,-0.1552,0.1994,0.02415,0.00963,0.00285,-5.00,0.00,0.00,15.3,102.97,650.88,286.96
3.1445,-0.1605,-0.1252,0.1594,0.01115,0.00663,0.00485,-5.00,0.00,0.00,15.4,102.97,650.88,286.92
3.1547,-0.2805,-0.1452,-0.0105,0.00615,0.00763,0.00585,-5.00,0.00,0.00,15.4,102.97,650.88,286.86
3.1647,-0.1805,-0.2152,0.5494,-0.00384,-0.00736,0.00485,-5.00,0.00,0.00,15.5,102.97,650.88,286.82
3.1749,-0.1705,-0.2652,0.4294,-0.01184,0.00663,0.00485,-5.00,0.00,0.00,15.5,102.97,650.89,286.76
3.1850,-0.1205,-0.0552,0.2194,0.00315,0.00463,0.00485,-5.00,0.00,0.00,15.6,102.97,650.89,286.72
3.1951,-0.0705,-0.1452,-0.0205,0.00015,-0.00436,0.00485,-5.00,0.00,0.00,15.6,102.97,650.89,286.66
3.2051,-0.2305,-0.0552,-0.0905,0.00115,-0.01036,0.00385,-5.00,0.00,0.00,15.7,102.97,650.89,286.62
3.2153,-0.0405,-0.2752,0.3794,0.02515,0.01663,0.00385,-5.00,0.00,0.00,15.7,102.97,650.89,286.56
3.2257,0.1494,-0.4052,0.6594,0.02715,0.01463,0.00385,-5.00,0.00,0.00,15.8,102.97,650.90,286.52
3.2354,-0.2205,-0.0852,-0.0205,0.00815,-0.00836,0.00685,-5.00,0.00,0.00,15.8,102.97,650.90,286.46
3.2456,-0.2305,0.0747,0.0994,0.00515,0.00263,0.00185,-5.00,0.00,0.00,15.9,102.97,650.90,286.42
3.2562,-0.0705,-0.3552,0.5394,0.02015,0.01863,0.00385,-5.00,0.00,0.00,15.9,102.97,650.90,286.36
3.2658,-0.0405,0.0947,0.0394,0.00015,-0.00336,0.00885,-5.00,0.00,0.00,16.0,102.97,650.90,286.32
3.2760,0.0594,-0.0552,0.0494,0.03315,0.00663,0.00585,-5.00,0.00,0.00,16.0,102.97,650.91,286.26
3.2862,-0.0305,0.0547,-0.0305,0.01115,-0.00436,0.00585,-5.00,0.00,0.00,16.1,102.97,650.91,286.20
3.2962,-0.0505,-0.1752,0.3094,0.01815,0.00763,0.00285,-5.00,0.00,0.00,16.1,102.97,650.91,286.16
3.3063,-0.0405,-0.3552,0.1994,0.01115,-0.00036,0.00185,-5.00,0.00,0.00,16.2,102.97,650.91,286.10
3.3168,-0.0405,0.0147,-0.1705,0.01515,0.00063,0.00485,-5.00,0.00,0.00,16.2,102.97,650.91,286.06
3.3269,-0.1405,-0.0152,0.2594,0.02015,0.00763,0.00185,-5.00,0.00,0.00,16.3,102.97,650.92,286.00
3.3365,-0.0605,-0.0252,0.1494,0.01315,0.00163,0.00585,-5.00,0.00,0.00,16.3,102.97,650.92,285.96
3.3468,-0.2005,-0.1752,0.3594,0.01315,0.00863,0.00485,-5.00,0.00,0.00,16.4,102.97,650.92,285.90
3.3574,-0.2105,-0.1952,-0.0705,-0.00184,-0.00436,0.00585,-5.00,0.00,0.00,16.4,102.97,650.92,285.86
3.3669,-0.0905,0.1947,-0.0805,-0.00584,-0.01036,0.00485,-5.00,0.00,0.00,16.5,102.97,650.92,285.80
3.3770,-0.0205,-0.0952,0.0394,0.01715,0.00263,0.00585,-5.00,0.00,0.00,16.5,102.97,650.92,285.76
3.3872,-0.0905,-0.0952,0.1094,0.01915,0.00763,0.00485,-5.00,0.00,0.00,16.6,102.97,650.93,285.70
3.3972,0.0194,-0.2352,0.2694,0.00615,0.00363,0.00585,-5.00,0.00,0.00,16.6,102.97,650.93,285.66
3.4075,-0.0605,-0.1952,0.1694,0.02215,0.00363,0.00285,-5.00,0.00,0.00,16.7,102.97,650.93,285.60
3.4175,-0.1205,-0.1052,0.3594,0.01415,0.00663,0.00285,-5.00,0.00,0.00,16.7,102.97,650.93,285.56
3.4281,-0.1005,-0.2552,0.3994,0.00515,0.00463,0.00685,-5.00,0.00,0.00,16.8,102.97,650.93,285.50
3.4379,-0.0005,0.1047,0.1494,0.02415,0.01363,0.00385,-5.00,0.00,0.00,16.8,102.97,650.94,285.46
3.4478,-0.0105,-0.2452,0.3894,0.03115,0.02063,0.00385,-5.00,0.00,0.00,16.9,102.97,650.94,285.40
3.4581,-0.0105,-0.1252,0.2894,0.01315,-0.00736,0.00685,-5.00,0.00,0.00,16.9,102.97,650.94,285.36
3.4681,-0.1405,-0.0552,0.1994,0.00715,0.00163,0.00385,-5.00,0.00,0.00,17.0,102.97,650.94,285.30
3.4781,-0.1405,0.0447,0.0294,0.00015,-0.00336,0.00785,-5.00,0.00,0.00,17.0,102.97,650.94,285.24
3.4884,0.0894,0.2147,-0.1505,0.01315,-0.00536,0.00885,-5.00,0.00,0.00,17.1,102.97,650.95,285.20
3.4983,-0.0905,-0.1352,0.1894,0.00915,-0.00236,0.00685,-5.00,0.00,0.00,17.1,102.97,650.95,285.14
3.5085,0.0994,0.1847,0.4294,0.02015,0.01263,0.00585,-5.00,0.00,0.00,17.2,102.97,650.95,285.10
3.5187,-0.0305,-0.3252,0.3094,0.00415,0.00363,0.00085,-5.00,0.00,0.00,17.2,102.97,650.95,285.04
3.5289,0.0194,-0.2552,0.2694,0.01715,0.00063,0.00385,-5.00,0.00,0.00,17.3,102.97,650.95,285.00
3.5388,0.0194,-0.0852,-0.1305,0.02715,0.00663,0.00685,-5.00,0.00,0.00,17.3,102.97,650.95,284.94
3.5489,0.0194,0.1547,-0.0405,-0.00184,-0.00836,0.00585,-5.00,0.00,0.00,17.4,102.97,650.96,284.90
3.5592,-0.0305,-0.1852,0.3794,0.00715,0.00463,0.00385,-5.00,0.00,0.00,17.4,102.97,650.96,284.84
3.5691,-0.0105,-0.0152,0.1494,0.01415,0.00263,0.00785,-5.00,0.00,0.00,17.5,102.97,650.96,284.80
3.5793,-0.0705,0.0547,-0.0205,0.00715,-0.00236,0.00385,-5.00,0.00,0.00,17.5,102.97,650.96,284.74
3.5897,-0.0805,0.0547,0.1794,0.01415,0.00663,0.00685,-5.00,0.00,0.00,17.6,102.97,650.96,284.70
3.5995,-0.1605,-0.1652,-0.0005,0.00715,-0.00536,0.00185,-5.00,0.00,0.00,17.6,102.97,650.97,284.64
3.6095,0.0394,0.0347,0.2394,0.02215,0.00363,0.00585,-5.00,0.00,0.00,17.7,102.97,650.97,284.60
3.6196,-0.0505,-0.1152,-0.0105,0.02415,0.00563,0.00185,-5.00,0.00,0.00,17.7,102.97,650.97,284.54
3.6298,-0.1505,-0.0352,0.0794,0.01915,0.01163,0.00485,-5.00,0.00,0.00,17.8,102.97,650.97,284.50
3.6399,0.1494,-0.0752,0.1394,-0.00484,-0.02236,0.00485,-5.00,0.00,0.00,17.8,102.97,650.97,284.44
3.6500,-0.0505,-0.3252,0.3594,0.01115,0.00563,0.00185,-5.00,0.00,0.00,17.9,102.97,650.97,284.40
3.6602,-0.1005,-0.1452,0.1994,0.02315,0.01163,0.00685,-5.00,0.00,0.00,17.9,102.97,650.98,284.34
3.6701,0.1194,0.0047,0.0994,0.00815,-0.01036,0.00485,-5.00,0.00,0.00,18.0,102.97,650.98,284.28
3.6804,0.0194,-0.2652,0.0494,0.00315,-0.00436,0.00385,-5.00,0.00,0.00,18.0,102.97,650.98,284.24
3.6905,-0.1105,0.0847,-0.1605,-0.00084,-0.01036,0.00885,-5.00,0.00,0.00,18.1,102.97,650.98,284.18
3.7005,-0.0405,-0.2452,0.2994,0.02115,0.00363,0.00485,-5.00,0.00,0.00,18.1,102.98,650.98,284.14
3.7106,-0.1405,-0.0952,0.2094,0.00015,0.01063,0.00485,-5.00,0.00,0.00,18.2,102.98,650.99,284.08
3.7206,-0.0805,-0.0452,0.1594,-0.00184,-0.00736,0.00785,-5.00,0.00,0.00,18.2,102.98,650.99,284.04
3.7308,-0.0105,-0.2352,0.0194,0.03115,-0.00236,0.00585,-5.00,0.00,0.00,18.3,102.98,650.99,283.98
3.7409,-0.1405,-0.0252,0.6194,-0.00784,0.00063,0.00785,-5.00,0.00,0.00,18.3,102.98,650.99,283.94
3.7511,0.0094,-0.0952,0.1594,0.01415,0.00363,0.00785,-5.00,0.00,0.00,18.4,102.98,650.99,283.88
3.7612,-0.0005,-0.1252,0.2994,0.02415,0.01363,0.00385,-5.00,0.00,0.00,18.4,102.98,651.00,283.84
3.7712,-0.0105,0.1947,0.0694,0.00815,0.00263,0.00485,-5.00,0.00,0.00,18.5,102.98,651.00,283.78
3.7812,-0.1805,-0.0152,0.2294,0.01615,0.00963,0.00585,-5.00,0.00,0.00,18.5,102.98,651.00,283.74
3.7921,-0.0905,-0.1252,0.0994,0.00415,0.00263,0.00485,-5.00,0.00,0.00,18.6,102.98,651.00,283.68
3.8015,-0.2005,-0.1852,0.0194,0.01815,0.00763,0.00385,-5.00,0.00,0.00,18.6,102.98,651.00,283.64
3.8117,-0.0805,-0.1852,0.4594,0.01515,0.00863,0.00685,-5.00,0.00,0.00,18.7,102.98,651.01,283.58
3.8220,0.0194,-0.1552,0.4594,0.01115,0.00063,0.00485,-5.00,0.00,0.00,18.7,102.98,651.01,283.54
3.8318,-0.1305,-0.0452,0.1194,0.00215,-0.00236,0.00885,-5.00,0.00,0.00,18.8,102.98,651.01,283.48
3.8420,0.0594,-0.0752,0.2594,0.00915,-0.00036,0.00685,-5.00,0.00,0.00,18.8,102.98,651.01,283.44
3.8522,0.1294,-0.2452,0.5394,0.02615,0.00963,0.00385,-5.00,0.00,0.00,18.9,102.98,651.01,283.38
3.8623,-0.0605,0.1147,0.3094,0.00715,-0.00336,0.00485,-5.00,0.00,0.00,19.0,102.98,651.02,283.33
3.8727,-0.1405,0.2447,0.0094,-0.00984,-0.01236,0.00885,-5.00,0.00,0.00,19.0,102.98,651.02,283.29
3.8825,-0.2205,-0.0152,0.1494,0.02215,0.00863,0.00785,-5.00,0.00,0.00,19.1,102.98,651.02,283.23
3.8928,-0.0705,-0.4852,0.2994,0.01315,0.00963,0.00085,-5.00,0.00,0.00,19.1,102.98,651.02,283.19
3.9027,-0.0205,0.1347,0.1494,0.01415,0.00163,0.00685,-5.00,0.00,0.00,19.2,102.98,651.02,283.13
3.9130,-0.1505,-0.1452,0.3494,0.01415,0.00463,0.00585,-5.00,0.00,0.00,19.2,102.98,651.02,283.09
3.9233,-0.0205,-0.1752,0.4794,-0.00384,-0.00736,0.00285,-5.00,0.00,0.00,19.3,102.98,651.03,283.03
3.9330,-0.2005,-0.1252,-0.0105,0.01015,-0.00136,0.00485,-5.00,0.00,0.00,19.3,102.98,651.03,282.99
3.9432,-0.0605,-0.1352,0.0794,0.01015,-0.00636,0.00585,-5.00,0.00,0.00,19.4,102.98,651.03,282.93
3.9536,0.0094,-0.4252,0.3294,0.01815,-0.00236,0.00385,-5.00,0.00,0.00,19.4,102.98,651.03,282.89
3.9636,-0.2305,-0.1752,0.4394,0.01415,0.01563,0.00785,-5.00,0.00,0.00,19.5,102.98,651.03,282.83
3.9735,0.0894,-0.4452,0.5194,0.00715,0.00763,0.00285,-5.00,0.00,0.00,19.5,102.98,651.04,282.79
3.9838,0.0294,-0.4152,0.4594,0.01315,0.00163,0.00485,-5.00,0.00,0.00,19.6,102.98,651.04,282.73
3.9940,-0.0605,0.0647,0.1394,0.01915,0.00163,0.00885,-5.00,0.00,0.00,19.6,102.98,651.04,282.69
4.0039,0.0794,-0.1152,0.2394,0.03815,0.01263,0.00285,-5.00,0.00,0.00,19.7,102.98,651.04,282.63
4.0141,-0.0005,0.1347,0.0594,0.01715,-0.00136,0.00685,-5.00,0.00,0.00,19.7,102.98,651.04,282.59
4.0244,0.0494,-0.2952,0.3094,0.03115,0.00663,0.00685,-5.00,0.00,0.00,19.8,102.98,651.05,282.53
4.0341,-0.1605,-0.1852,0.4394,0.01315,0.00163,0.00585,-5.00,0.00,0.00,19.8,102.98,651.05,282.47
4.0443,0.1494,0.3747,-0.2005,0.01215,-0.01936,0.00885,-5.00,0.00,0.00,19.9,102.98,651.05,282.43
4.0545,0.0394,0.0247,0.1794,-0.00284,-0.00836,0.00485,-5.00,0.00,0.00,19.9,102.98,651.05,282.37
4.0645,-0.2005,-0.0152,0.1094,0.00415,-0.00336,0.00785,-5.00,0.00,0.00,20.0,102.98,651.05,282.33
4.0747,-0.1405,-0.0952,0.3494,-0.00784,-0.00036,0.00685,-5.00,0.00,0.00,20.0,102.98,651.05,282.27
4.0849,0.0194,0.1347,0.0594,0.00915,0.00163,0.00785,-5.00,0.00,0.00,20.1,102.98,651.06,282.23
4.0950,-0.1405,-0.1552,0.2394,0.00915,0.00763,0.00585,-5.00,0.00,0.00,20.1,102.98,651.06,282.17
4.1050,-0.0505,0.0347,0.3694,0.01715,0.00663,0.00685,-5.00,0.00,0.00,20.2,102.98,651.06,282.13
4.1154,0.1594,-0.2252,0.5294,0.02715,-0.00036,0.00385,-5.00,0.00,0.00,20.2,102.98,651.06,282.07
4.1255,-0.1105,-0.2952,0.3294,0.00915,0.00463,0.00485,-5.00,0.00,0.00,20.3,102.98,651.06,282.03
4.1353,-0.1205,-0.0052,0.0794,0.00615,0.00363,0.00985,-5.00,0.00,0.00,20.3,102.98,651.07,281.97
4.1455,-0.1205,-0.0352,0.0494,0.00715,-0.00136,0.00785,-5.00,0.00,0.00,20.4,102.98,651.07,281.93
4.1556,-0.1505,-0.2952,0.2094,0.00815,0.00063,0.00485,-5.00,0.00,0.00,20.4,102.98,651.07,281.87
4.1656,0.1494,-0.2352,0.3094,0.02415,0.00163,0.00485,-5.00,0.00,0.00,20.5,102.98,651.07,281.83
4.1758,-0.0905,-0.2052,0.2594,0.00315,0.00063,0.00785,-5.00,0.00,0.00,20.5,102.98,651.07,281.77
4.1859,-0.0705,-0.1052,0.2594,0.00815,0.00463,0.00885,-5.00,0.00,0.00,20.6,102.98,651.07,281.73
4.1959,-0.0205,0.1247,0.0794,0.02315,-0.00536,0.00985,-5.00,0.00,0.00,20.6,102.98,651.08,281.67
4.2060,-0.2505,-0.2452,0.2094,0.01015,0.00563,0.00585,-5.00,0.00,0.00,20.7,102.98,651.08,281.63
4.2163,0.0894,-0.0452,-0.0205,0.02615,-0.00136,0.00485,-5.00,0.00,0.00,20.7,102.98,651.08,281.57
4.2266,-0.2105,0.0947,-0.0005,0.00715,-0.00436,0.00585,-5.00,0.00,0.00,20.8,102.98,651.08,281.51
4.2365,-0.1705,0.0947,0.1194,0.00315,-0.00536,0.00785,-5.00,0.00,0.00,20.8,102.98,651.08,281.47
4.2466,-0.0705,-0.0652,0.0694,0.01815,-0.00136,0.00885,-5.00,0.00,0.00,20.9,102.98,651.09,281.41
4.2569,-0.0005,-0.1752,-0.0505,0.01615,-0.00136,0.00985,-5.00,0.00,0.00,20.9,102.98,651.09,281.37
4.2668,0.0394,-0.1952,0.2194,0.01315,0.00463,0.00685,-5.00,0.00,0.00,21.0,102.98,651.09,281.31
4.2772,-0.1605,-0.4052,0.8594,0.00415,0.01463,0.00385,-5.00,0.00,0.00,21.0,102.98,651.09,281.27
4.2873,0.0094,0.2747,-0.1105,-0.00284,-0.01336,0.00785,-5.00,0.00,0.00,21.1,102.99,651.09,281.21
4.2972,-0.0205,-0.1152,0.4294,0.00215,0.00363,0.00785,-5.00,0.00,0.00,21.1,102.99,651.10,281.17
4.3073,-0.0805,0.0647,-0.1205,0.01615,0.00363,0.00585,-5.00,0.00,0.00,21.2,102.99,651.10,281.11
4.3174,-0.0505,-0.1752,0.1894,0.01215,-0.00036,0.00785,-5.00,0.00,0.00,21.2,102.99,651.10,281.07
4.3277,-0.3305,0.1447,0.1794,0.00615,0.00063,0.00785,-5.00,0.00,0.00,21.3,102.99,651.10,281.01
4.3377,-0.1705,0.1447,0.1894,0.00015,-0.00436,0.00685,-5.00,0.00,0.00,21.3,102.99,651.10,280.97
4.3480,-0.1405,-0.2152,0.0894,0.02615,0.00963,0.00985,-5.00,0.00,0.00,21.4,102.99,651.11,280.91
4.3583,-0.1205,0.0447,0.0194,0.02415,0.00763,0.00385,-5.00,0.00,0.00,21.4,102.99,651.11,280.85
4.3681,-0.0505,-0.1252,0.4794,0.02115,0.00463,0.00385,-5.00,0.00,0.00,21.5,102.99,651.11,280.81
4.3783,-0.0705,-0.1352,0.5394,0.02315,0.00263,0.00785,-5.00,0.00,0.00,21.5,102.99,651.11,280.75
4.3886,-0.0705,0.0447,0.0994,0.01615,0.01063,0.00685,-5.00,0.00,0.00,21.6,102.99,651.11,280.71
4.3985,0.0294,-0.0052,0.2194,0.01615,0.00263,0.01185,-5.00,0.00,0.00,21.6,102.99,651.12,280.65
4.4085,-0.2005,-0.1952,0.6694,0.00815,0.00563,0.00385,-5.00,0.00,0.00,21.7,102.99,651.12,280.61
4.4187,-0.0905,0.1347,-0.1605,-0.00984,-0.01736,0.00785,-5.00,0.00,0.00,21.7,102.99,651.12,280.55
4.4288,-0.1605,-0.0752,-0.0105,0.00315,-0.00136,0.01085,-5.00,0.00,0.00,21.8,102.99,651.12,280.51
4.4390,0.0094,-0.0952,0.0094,0.02315,-0.00136,0.00885,-5.00,0.00,0.00,21.8,102.99,651.12,280.45
4.4490,-0.1405,-0.1952,0.3894,0.01815,0.00163,0.00785,-5.00,0.00,0.00,21.9,102.99,651.12,280.41
4.4592,0.0194,-0.1752,0.0394,0.01115,-0.00536,0.00785,-5.00,0.00,0.00,21.9,102.99,651.13,280.35
4.4694,-0.0305,-0.2452,0.2494,0.00915,-0.00536,0.00685,-5.00,0.00,0.00,22.0,102.99,651.13,280.31
4.4793,-0.1605,0.0347,0.2394,0.00615,-0.00836,0.00785,-5.00,0.00,0.00,22.0,102.99,651.13,280.25
4.4900,-0.1705,-0.1352,0.0394,0.00315,-0.01336,0.00785,-5.00,0.00,0.00,22.1,102.99,651.13,280.21
4.4996,-0.0605,-0.1352,0.5194,0.00415,-0.00236,0.00785,-5.00,0.00,0.00,22.1,102.99,651.13,280.15
4.5097,-0.0405,-0.2152,0.1094,0.01415,0.00763,0.00485,-5.00,0.00,0.00,22.2,102.99,651.14,280.11
4.5199,-0.2405,0.1947,-0.1005,0.00815,0.00463,0.01085,-5.00,0.00,0.00,22.2,102.99,651.14,280.05
4.5300,-0.0805,-0.0852,0.3694,-0.00184,-0.00036,0.00685,-5.00,0.00,0.00,22.3,102.99,651.14,280.01
4.5400,-0.0805,-0.2152,0.2794,0.01615,-0.00336,0.00785,-5.00,0.00,0.00,22.3,102.99,651.14,279.95
4.5506,-0.0905,0.0347,0.3094,0.01415,-0.00136,0.00785,-5.00,0.00,0.00,22.4,102.99,651.14,279.89
4.5607,-0.0705,-0.3352,0.3694,0.01315,0.01063,0.00685,-5.00,0.00,0.00,22.4,102.99,651.15,279.85
4.5704,-0.0605,-0.0452,0.1294,0.01215,-0.00236,0.00585,-5.00,0.00,0.00,22.5,102.99,651.15,279.79
4.5805,-0.0705,-0.1052,-0.1705,0.01715,-0.01036,0.00885,-5.00,0.00,0.00,22.5,102.99,651.15,279.75
4.5909,0.0194,0.2447,-0.1605,0.00615,-0.01536,0.00785,-5.00,0.00,0.00,22.6,102.99,651.15,279.69
4.6007,-0.1105,-0.2552,0.2794,0.00515,-0.00636,0.00685,-5.00,0.00,0.00,22.6,102.99,651.15,279.65
4.6110,-0.3205,0.0547,0.0694,-0.00284,-0.00236,0.00685,-5.00,0.00,0.00,22.7,102.99,651.15,279.59
4.6213,0.0594,-0.0252,0.3994,0.02115,0.00763,0.00685,-5.00,0.00,0.00,22.7,102.99,651.16,279.55
4.6313,-0.1005,-0.0252,0.2494,0.00115,0.00663,0.00785,-5.00,0.00,0.00,22.8,102.99,651.16,279.49
4.6414,-0.0005,0.3347,-0.2105,0.00915,-0.00136,0.00785,-5.00,0.00,0.00,22.8,102.99,651.16,279.45
4.6515,0.0794,0.1247,0.0994,0.02815,0.00463,0.00885,-5.00,0.00,0.00,22.9,102.99,651.16,279.39
4.6621,-0.0405,-0.2952,0.6394,0.01915,0.01863,0.00485,-5.00,0.00,0.00,22.9,102.99,651.16,279.35
4.6717,0.0094,-0.1152,0.0794,0.01215,0.00063,0.00585,-5.00,0.00,0.00,23.0,102.99,651.17,279.29
4.6819,-0.1705,-0.2952,0.2694,-0.00484,-0.00136,0.00685,-5.00,0.00,0.00,23.0,102.99,651.17,279.25
4.6923,-0.0405,0.2447,0.0994,0.01615,-0.00436,0.00885,-5.00,0.00,0.00,23.1,102.99,651.17,279.19
4.7022,-0.2205,0.2247,-0.0405,0.02015,0.00763,0.00985,-5.00,0.00,0.00,23.2,102.99,651.17,279.13
4.7122,-0.0405,-0.1452,0.1694,0.01715,-0.00736,0.00885,-5.00,0.00,0.00,23.2,102.99,651.17,279.09
4.7226,-0.0605,-0.2752,0.2994,0.02115,-0.00036,0.01085,-5.00,0.00,0.00,23.3,102.99,651.18,279.03
4.7324,0.1194,-0.1052,0.2594,0.00915,-0.01736,0.00585,-5.00,0.00,0.00,23.3,102.99,651.18,278.99
4.7426,-0.0005,-0.2752,0.3894,0.01615,0.00463,0.00585,-5.00,0.00,0.00,23.4,102.99,651.18,278.93
4.7527,0.2794,-0.3352,0.5094,0.02315,0.00263,0.00285,-5.00,0.00,0.00,23.4,102.99,651.18,278.89
4.7629,-0.1005,0.1447,0.1194,0.01215,-0.00136,0.00785,-5.00,0.00,0.00,23.5,102.99,651.18,278.83
4.7730,-0.1105,-0.1752,0.4194,0.02415,0.01063,0.00885,-5.00,0.00,0.00,23.5,102.99,651.18,278.79
4.7832,-0.1205,0.0847,-0.2205,-0.00184,-0.01336,0.01185,-5.00,0.00,0.00,23.6,102.99,651.19,278.73
4.7933,-0.0105,0.3247,-0.0105,-0.00684,-0.01336,0.00985,-5.00,0.00,0.00,23.6,102.99,651.19,278.69
4.8033,-0.2005,0.1547,-0.1305,-0.01284,-0.01936,0.00985,-5.00,0.00,0.00,23.7,102.99,651.19,278.63
4.8135,0.0194,0.1047,0.0094,0.01615,-0.00136,0.00685,-5.00,0.00,0.00,23.7,102.99,651.19,278.59
4.8239,-0.0505,-0.0052,0.0994,0.01015,-0.00736,0.00885,-5.00,0.00,0.00,23.8,102.99,651.19,278.53
4.8336,-0.1605,-0.2752,0.2294,0.00815,-0.00736,0.00585,-5.00,0.00,0.00,23.8,102.99,651.20,278.49
4.8438,-0.1305,-0.0652,0.3294,0.02815,0.01263,0.00985,-5.00,0.00,0.00,23.9,102.99,651.20,278.43
4.8540,-0.1505,-0.1752,0.3694,0.02315,0.00763,0.00485,-5.00,0.00,0.00,23.9,102.99,651.20,278.39
4.8640,0.0294,0.1547,0.1694,0.02515,0.00263,0.01085,-5.00,0.00,0.00,24.0,102.99,651.20,278.33
4.8748,-0.1105,0.1847,0.1194,0.01315,-0.00836,0.00885,-5.00,0.00,0.00,24.0,103.00,651.20,278.27
4.8844,-0.0905,0.0147,0.1094,-0.00584,-0.01636,0.00485,-5.00,0.00,0.00,24.1,103.00,651.21,278.23
4.8945,-0.1305,-0.1352,0.4794,0.02015,0.01963,0.00585,-5.00,0.00,0.00,24.1,103.00,651.21,278.17
4.9044,0.0594,-0.0152,0.1994,0.01315,-0.00136,0.00685,-5.00,0.00,0.00,24.2,103.00,651.21,278.13
4.9145,-0.1105,-0.3152,0.4494,0.00415,0.00663,0.00585,-5.00,0.00,0.00,24.2,103.00,651.21,278.07
4.9247,-0.0205,0.2847,-0.2205,0.00715,-0.01236,0.01185,-5.00,0.00,0.00,24.3,103.00,651.21,278.03
4.9346,-0.1305,0.0647,0.1494,0.00615,0.00263,0.00885,-5.00,0.00,0.00,24.3,103.00,651.22,277.97
4.9450,-0.0505,0.0647,-0.1005,-0.00284,-0.01436,0.01085,-5.00,0.00,0.00,24.4,103.00,651.22,277.93
4.9557,-0.0905,-0.0252,0.1894,0.01215,-0.00236,0.00785,-5.00,0.00,0.00,24.4,103.00,651.22,277.87
4.9649,0.0194,0.0547,0.0794,0.01215,-0.01036,0.01085,-5.00,0.00,0.00,24.5,103.00,651.22,277.83
4.9751,-0.1505,-0.5052,0.5194,0.02715,0.01163,0.00785,-5.00,0.00,0.00,24.5,103.00,651.22,277.77
4.9852,-0.1005,0.3147,0.0994,0.01415,-0.01036,0.00585,-5.00,0.00,0.00,24.6,103.00,651.22,277.73
4.9954,-0.3105,-0.1552,0.5494,-0.00084,0.00563,0.00485,-5.00,0.00,0.00,24.6,103.00,651.23,277.67
5.0058,-0.1705,-0.3252,0.2494,0.02415,0.00663,0.00985,-5.00,0.00,0.00,24.7,103.00,651.23,277.63
5.0157,-0.0005,0.1647,0.0794,0.02815,0.00163,0.00985,-5.00,0.00,0.00,24.7,103.00,651.23,277.57
5.0259,-0.0805,0.1347,0.2594,0.00515,-0.00636,0.01385,-5.00,0.00,0.00,24.8,103.00,651.23,277.53
5.0358,-0.0705,0.0847,0.0994,-0.00684,-0.00236,0.00885,-5.00,0.00,0.00,24.8,103.00,651.23,277.47
5.0460,-0.2205,0.0747,0.0994,0.00415,-0.00436,0.00685,-5.00,0.00,0.00,24.9,103.00,651.24,277.43
5.0561,0.1094,-0.3252,0.2494,0.02215,0.00363,0.00985,-5.00,0.00,0.00,24.9,103.00,651.24,277.37
5.0661,-0.0105,0.3047,0.2294,-0.00084,0.00163,0.00785,-5.00,0.00,0.00,25.0,103.00,651.24,277.33
5.0764,-0.0005,0.0147,0.1794,0.02715,0.00963,0.00885,-5.00,0.00,0.00,25.0,103.00,651.24,277.27
5.0864,-0.2705,0.4447,-0.0705,-0.01284,-0.01336,0.01485,-5.00,0.00,0.00,25.1,103.00,651.24,277.21
5.0966,0.0294,0.0647,0.1794,0.02215,0.00463,0.00985,-5.00,0.00,0.00,25.1,103.00,651.25,277.17
5.1068,-0.1905,-0.0852,0.1394,0.00915,0.00063,0.00785,-5.00,0.00,0.00,25.2,103.00,651.25,277.11
5.1170,0.0794,0.0947,0.2394,0.02815,0.00863,0.00485,-5.00,0.00,0.00,25.2,103.00,651.25,277.07
5.1271,-0.2305,0.3347,-0.1305,0.00215,-0.00936,0.01085,-5.00,0.00,0.00,25.3,103.00,651.25,277.01
5.1370,-0.0905,0.0547,-0.0905,0.01715,0.00263,0.00785,-5.00,0.00,0.00,25.3,103.00,651.25,276.97
5.1472,-0.1805,0.1447,-0.0305,-0.00684,-0.00736,0.00585,-5.00,0.00,0.00,25.4,103.00,651.25,276.91
5.1576,-0.0705,-0.0052,0.1694,0.01415,0.00063,0.01085,-5.00,0.00,0.00,25.4,103.00,651.26,276.87
5.1674,-0.0305,-0.0252,0.2494,0.01315,0.00263,0.00885,-5.00,0.00,0.00,25.5,103.00,651.26,276.81
5.1775,-0.2305,0.0547,0.0794,0.01015,-0.00136,0.00885,-5.00,0.00,0.00,25.5,103.00,651.26,276.77
5.1876,0.0894,0.2447,-0.3405,-0.00484,-0.02336,0.01085,-5.00,0.00,0.00,25.6,103.00,651.26,276.71
5.1976,-0.1005,-0.2552,0.4194,0.00815,-0.00236,0.00985,-5.00,0.00,0.00,25.6,103.00,651.26,276.67
5.2078,0.1494,-0.0552,0.5294,0.02115,0.00363,0.00485,-5.00,0.00,0.00,25.7,103.00,651.27,276.61
5.2180,0.1694,-0.1252,0.3294,0.04015,0.01263,0.00985,-5.00,0.00,0.00,25.7,103.00,651.27,276.57
5.2283,-0.1405,0.0147,0.0994,0.00515,-0.00036,0.00885,-5.00,0.00,0.00,25.8,103.00,651.27,276.51
5.2383,-0.0105,0.0247,0.1894,0.01615,-0.00536,0.00785,-5.00,0.00,0.00,25.8,103.00,651.27,276.47
5.2482,0.0794,-0.2452,0.0794,0.01715,-0.00836,0.00485,-5.00,0.00,0.00,25.9,103.00,651.27,276.41
5.2586,-0.2405,-0.1052,0.4094,0.01415,0.00063,0.00785,-5.00,0.00,0.00,25.9,103.00,651.28,276.35
5.2685,-0.0505,0.0047,0.2994,0.02015,0.00163,0.00785,-5.00,0.00,0.00,26.0,103.00,651.28,276.31
5.2785,-0.0905,-0.1352,0.6294,-0.00184,0.00563,0.00585,-5.00,0.00,0.00,26.0,103.00,651.28,276.25
5.2890,-0.1505,0.1947,-0.1005,-0.00384,-0.00436,0.00585,-5.00,0.00,0.00,26.1,103.00,651.28,276.21
5.2989,-0.0805,-0.3552,0.5094,0.00915,-0.00336,0.00785,-5.00,0.00,0.00,26.1,103.00,651.28,276.15
5.3091,0.0094,-0.1052,0.3294,0.01115,-0.00736,0.00785,-5.00,0.00,0.00,26.2,103.00,651.28,276.11
5.3191,-0.0205,-0.0952,0.0694,0.01015,-0.00536,0.00885,-5.00,0.00,0.00,26.2,103.00,651.29,276.05
5.3295,-0.0305,-0.1552,0.4894,0.00615,-0.00136,0.00585,-5.00,0.00,0.00,26.3,103.00,651.29,276.01
5.3393,-0.0205,-0.1852,0.2694,0.01215,-0.00636,0.00785,-5.00,0.00,0.00,26.3,103.00,651.29,275.95
5.3494,0.1094,-0.0552,0.2594,0.01615,-0.00836,0.01085,-5.00,0.00,0.00,26.4,103.00,651.29,275.91
5.3600,0.0094,-0.0552,0.5294,0.02315,0.01063,0.00785,-5.00,0.00,0.00,26.4,103.00,651.29,275.85
5.3695,-0.1605,-0.4052,0.4394,0.01515,0.00663,0.01085,-5.00,0.00,0.00,26.5,103.00,651.30,275.81
5.3797,-0.1305,0.2147,-0.0305,0.00115,-0.01336,0.01085,-5.00,0.00,0.00,26.5,103.00,651.30,275.75
5.3902,-0.0205,0.1347,0.3294,0.01215,-0.00336,0.01185,-5.00,0.00,0.00,26.6,103.00,651.30,275.71
5.4001,-0.1405,0.1847,-0.0405,0.02115,0.01063,0.00985,-5.00,0.00,0.00,26.6,103.00,651.30,275.65
5.4101,-0.1305,-0.1352,0.0094,0.01115,-0.00636,0.00585,-5.00,0.00,0.00,26.7,103.00,651.30,275.61
5.4203,-0.0005,0.0247,0.1894,0.01915,-0.00036,0.00785,-5.00,0.00,0.00,26.7,103.00,651.31,275.55
5.4305,-0.1505,0.3347,0.0194,-0.00284,-0.00236,0.01385,-5.00,0.00,0.00,26.8,103.00,651.31,275.49
5.4405,-0.2405,0.0647,0.2294,0.00915,0.00463,0.00985,-5.00,0.00,0.00,26.8,103.00,651.31,275.45
5.4509,-0.0205,0.0647,0.1094,0.02915,0.00163,0.00885,-5.00,0.00,0.00,26.9,103.00,651.31,275.39
5.4609,-0.1605,-0.1252,0.1494,0.01215,-0.00336,0.00685,-5.00,0.00,0.00,26.9,103.00,651.31,275.35
5.4708,-0.0505,-0.0252,0.0194,0.01215,-0.00036,0.00585,-5.00,0.00,0.00,27.0,103.00,651.32,275.29
5.4810,-0.1805,-0.1852,0.4694,0.00715,0.00563,0.00585,-5.00,0.00,0.00,27.0,103.01,651.32,275.25
5.4914,0.1194,-0.2952,0.5894,0.01715,0.00063,0.00985,-5.00,0.00,0.00,27.1,103.01,651.32,275.19
5.5011,-0.1505,-0.1452,0.5594,0.01415,0.00663,0.00985,-5.00,0.00,0.00,27.1,103.01,651.32,275.15
5.5112,-0.0305,0.1247,0.0794,0.01115,-0.00036,0.01185,-5.00,0.00,0.00,27.2,103.01,651.32,275.09
5.5217,-0.0105,-0.0952,0.4294,0.01615,0.00563,0.00785,-5.00,0.00,0.00,27.2,103.01,651.32,275.05
5.5318,-0.1705,-0.3852,0.6694,0.00015,0.00363,0.00385,-5.00,0.00,0.00,27.3,103.01,651.33,274.99
5.5417,0.0994,-0.3552,0.2494,0.01715,-0.01236,0.00285,-5.00,0.00,0.00,27.3,103.01,651.33,274.95
5.5518,-0.1605,-0.2952,0.6794,0.01215,0.00963,0.01085,-5.00,0.00,0.00,27.4,103.01,651.33,274.89
5.5621,-0.1105,-0.1552,0.3694,0.02015,0.00663,0.00485,-5.00,0.00,0.00,27.4,103.01,651.33,274.85
5.5720,-0.2005,-0.2652,0.5694,0.00515,0.01063,0.00885,-5.00,0.00,0.00,27.5,103.01,651.33,274.79
5.5821,-0.1605,0.1347,-0.0505,0.02015,0.00363,0.01285,-5.00,0.00,0.00,27.5,103.01,651.34,274.75
5.5927,-0.0805,0.0147,0.0694,0.01515,0.00563,0.00985,-5.00,0.00,0.00,27.6,103.01,651.34,274.69
5.6025,-0.1905,0.0447,0.0594,0.00315,-0.00136,0.01085,-5.00,0.00,0.00,27.7,103.01,651.34,274.63
5.6125,0.0094,-0.3152,0.3994,0.01215,-0.00036,0.00585,-5.00,0.00,0.00,27.7,103.01,651.34,274.59
5.6226,-0.1705,-0.0052,0.1394,-0.00484,-0.01636,0.01185,-5.00,0.00,0.00,27.8,103.01,651.34,274.53
5.6326,-0.0505,-0.2952,0.4394,0.01015,-0.00236,0.01085,-5.00,0.00,0.00,27.8,103.01,651.35,274.49
5.6430,-0.0705,-0.1052,0.3894,0.00015,0.00263,0.00785,-5.00,0.00,0.00,27.9,103.01,651.35,274.43
5.6530,-0.0205,0.0947,0.1694,0.01515,-0.01136,0.00885,-5.00,0.00,0.00,27.9,103.01,651.35,274.39
5.6632,-0.0405,0.0147,0.1094,0.02615,-0.00636,0.01085,-5.00,0.00,0.00,28.0,103.01,651.35,274.33
5.6737,-0.0405,-0.4152,0.4694,0.02515,0.00263,0.00985,-5.00,0.00,0.00,28.0,103.01,651.35,274.29
5.6834,-0.3305,0.0947,0.1694,0.01215,0.00063,0.01285,-5.00,0.00,0.00,28.1,103.01,651.36,274.23
5.6938,-0.1305,0.3047,-0.1505,0.00515,-0.01136,0.01385,-5.00,0.00,0.00,28.1,103.01,651.36,274.19
5.7036,-0.0005,-0.4752,0.7094,0.02215,0.01063,0.00485,-5.00,0.00,0.00,28.2,103.01,651.36,274.13
5.7136,-0.1305,0.1547,0.2194,0.00915,-0.01136,0.01185,-5.00,0.00,0.00,28.2,103.01,651.36,274.09
5.7242,-0.1105,-0.2352,0.2894,0.02215,0.00763,0.00685,-5.00,0.00,0.00,28.3,103.01,651.36,274.03
5.7340,-0.0505,-0.0452,0.3194,0.02015,0.00963,0.00885,-5.00,0.00,0.00,28.3,103.01,651.36,273.99
5.7441,-0.4805,-0.1152,0.2894,-0.01184,-0.00736,0.00785,-5.00,0.00,0.00,28.4,103.01,651.37,273.93
5.7540,0.1194,-0.0252,0.2394,0.01315,-0.00736,0.00785,-5.00,0.00,0.00,28.4,103.01,651.37,273.89
5.7644,-0.2905,0.1047,0.0194,-0.00484,0.00263,0.00985,-5.00,0.00,0.00,28.5,103.01,651.37,273.83
5.7745,-0.0405,-0.0952,0.3594,0.02215,0.00563,0.00785,-5.00,0.00,0.00,28.5,103.01,651.37,273.77
5.7845,-0.0805,0.1647,0.1594,-0.00984,-0.00636,0.01085,-5.00,0.00,0.00,28.6,103.01,651.37,273.73
5.7946,-0.0705,-0.1552,0.2894,0.01015,-0.00536,0.00785,-5.00,0.00,0.00,28.6,103.01,651.38,273.67
5.8047,-0.1605,-0.0952,0.1994,0.00515,-0.00236,0.01185,-5.00,0.00,0.00,28.7,103.01,651.38,273.63
5.8149,-0.0505,-0.1452,0.3194,0.01215,-0.00436,0.00785,-5.00,0.00,0.00,28.7,103.01,651.38,273.57
5.8257,0.0094,-0.0152,0.2094,0.01415,-0.00836,0.00985,-5.00,0.00,0.00,28.8,103.01,651.38,273.53
5.8353,-0.2105,0.1647,0.1594,-0.00584,-0.00436,0.01185,-5.00,0.00,0.00,28.8,103.01,651.38,273.47
5.8454,-0.0205,0.0247,0.1994,0.02215,-0.00336,0.00985,-5.00,0.00,0.00,28.9,103.01,651.39,273.43
5.8553,-0.1005,0.2147,0.1094,0.00515,-0.01436,0.01085,-5.00,0.00,0.00,28.9,103.01,651.39,273.37
5.8656,-0.1405,-0.3152,0.3494,0.00815,0.00363,0.00685,-5.00,0.00,0.00,29.0,103.01,651.39,273.33
5.8754,-0.0405,0.0947,0.0994,0.00015,-0.00136,0.00985,-5.00,0.00,0.00,29.0,103.01,651.39,273.27
5.8858,-0.1805,-0.0052,0.3094,-0.00484,-0.00936,0.00785,-5.00,0.00,0.00,29.1,103.01,651.39,273.23
5.8963,0.1594,0.0547,0.1894,0.01815,-0.00336,0.00985,-5.00,0.00,0.00,29.1,103.01,651.39,273.17
5.9061,0.0194,-0.0852,0.2094,0.00215,-0.00536,0.00985,-5.00,0.00,0.00,29.2,103.01,651.40,273.13
5.9162,0.1994,-0.0552,0.1094,0.01815,-0.01136,0.00685,-5.00,0.00,0.00,29.2,103.01,651.40,273.07
5.9264,-0.1405,0.1647,0.2194,0.01215,0.00063,0.00885,-5.00,0.00,0.00,29.3,103.01,651.40,273.01
5.9382,-0.0105,0.1447,0.3494,0.00115,-0.00936,0.00985,-5.00,0.00,0.00,29.3,103.01,651.40,272.97
5.9465,-0.1105,0.0947,0.1894,-0.00084,-0.00936,0.01385,-5.00,0.00,0.00,29.4,103.01,651.40,272.91
5.9567,-0.0105,-0.0552,0.1694,0.02315,0.00163,0.00785,-5.00,0.00,0.00,29.4,103.01,651.41,272.87
5.9669,0.0094,0.0647,0.3494,0.02215,0.00463,0.00985,-5.00,0.00,0.00,29.5,103.01,651.41,272.81
5.9768,0.0594,0.0747,-0.0205,0.02415,-0.00936,0.00985,-5.00,0.00,0.00,29.5,103.01,651.41,272.77
5.9871,-0.0505,0.2147,0.1594,0.01415,-0.00136,0.01185,-5.00,0.00,0.00,29.6,103.01,651.41,272.71
5.9971,-0.1105,0.0847,0.0694,0.00915,-0.00736,0.00885,-5.00,0.00,0.00,29.6,103.01,651.41,272.68
6.0077,0.1194,0.0547,0.2094,0.01615,-0.00436,0.01285,-5.00,0.00,0.00,29.7,103.01,651.42,272.62
6.0175,-0.0805,-0.0452,0.0094,0.02115,-0.00736,0.00885,-5.00,0.00,0.00,29.7,103.01,651.42,272.58
6.0276,-0.0205,-0.0352,0.3394,0.02915,0.00463,0.00985,-5.00,0.00,0.00,29.8,103.01,651.42,272.52
6.0379,-0.0305,-0.0952,0.4694,0.00515,-0.00236,0.00985,-5.00,0.00,0.00,29.8,103.01,651.42,272.48
6.0476,0.1394,-0.2352,0.0894,0.02415,-0.00036,0.00885,-5.00,0.00,0.00,29.9,103.01,651.42,272.42
6.0578,-0.0005,0.0647,0.1194,0.02515,0.00463,0.00885,-5.00,0.00,0.00,29.9,103.01,651.42,272.38
6.0679,-0.1105,0.0747,0.1694,0.01115,0.00263,0.01085,-5.00,0.00,0.00,30.0,103.01,651.43,272.32
6.0779,-0.0205,-0.0752,0.4094,-0.00684,-0.01536,0.01385,-5.00,0.00,0.00,30.0,103.01,651.43,272.28
6.0881,-0.0705,-0.0052,0.2194,0.02115,0.00063,0.01185,-5.00,0.00,0.00,30.1,103.02,651.43,272.22
6.0983,-0.1405,0.0247,0.1694,0.01415,-0.00136,0.01085,-5.00,0.00,0.00,30.1,103.02,651.43,272.18
6.1083,-0.2505,0.0647,-0.1505,-0.01084,-0.01736,0.01285,-5.00,0.00,0.00,30.2,103.02,651.43,272.12
6.1183,-0.1205,-0.2852,0.2694,-0.00284,-0.00636,0.00685,-5.00,0.00,0.00,30.2,103.02,651.44,272.06
6.1284,-0.2905,0.1947,0.3094,-0.00184,-0.00136,0.01085,-5.00,0.00,0.00,30.3,103.02,651.44,272.02
6.1386,0.0094,-0.2452,0.2194,0.01515,-0.00536,0.00985,-5.00,0.00,0.00,30.3,103.02,651.44,271.96
6.1490,0.0094,-0.3052,0.1594,0.03315,0.00763,0.00585,-5.00,0.00,0.00,30.4,103.02,651.44,271.92
6.1588,-0.1305,0.0947,0.0194,0.01215,-0.00536,0.01085,-5.00,0.00,0.00,30.4,103.02,651.44,271.86
6.1693,-0.2305,0.1347,0.3394,0.01115,0.00363,0.01185,-5.00,0.00,0.00,30.5,103.02,651.45,271.82
6.1791,-0.3305,-0.2752,0.8094,0.02215,0.01563,0.00985,-5.00,0.00,0.00,30.5,103.02,651.45,271.76
6.1892,0.0294,0.1247,0.1894,0.02115,0.00063,0.00885,-5.00,0.00,0.00,30.6,103.02,651.45,271.72
6.1994,-0.1105,0.1647,0.1294,0.01715,0.00163,0.01585,-5.00,0.00,0.00,30.6,103.02,651.45,271.66
6.2093,-0.1905,0.0147,0.2794,0.01515,0.00063,0.00985,-5.00,0.00,0.00,30.7,103.02,651.45,271.62
6.2197,-0.1305,0.0547,0.1094,0.01115,-0.01136,0.00985,-5.00,0.00,0.00,30.7,103.02,651.46,271.56
6.2297,-0.2005,-0.2352,0.4994,0.02415,0.01363,0.00685,-5.00,0.00,0.00,30.8,103.02,651.46,271.52
6.2396,-0.1805,-0.0052,-0.1805,0.00515,-0.01236,0.01085,-5.00,0.00,0.00,30.8,103.02,651.46,271.46
6.2498,0.0794,0.0047,0.0094,0.02715,-0.00736,0.01185,-5.00,0.00,0.00,30.9,103.02,651.46,271.42
6.2600,0.0894,-0.0152,-0.0505,0.00715,-0.01336,0.01085,-5.00,0.00,0.00,30.9,103.02,651.46,271.36
6.2700,0.1294,0.1047,-0.1005,0.02115,-0.01136,0.01185,-5.00,0.00,0.00,31.0,103.02,651.46,271.32
6.2801,-0.1405,0.0247,0.4094,0.01015,-0.00636,0.01185,-5.00,0.00,0.00,31.0,103.02,651.47,271.26
6.2904,-0.2705,-0.3252,0.4994,0.00915,0.00763,0.00885,-5.00,0.00,0.00,31.1,103.02,651.47,271.20
6.3004,-0.1605,-0.0052,0.4194,-0.00384,-0.00236,0.01185,-5.00,0.00,0.00,31.1,103.02,651.47,271.16
6.3105,-0.2805,-0.0252,0.0594,0.00315,-0.00836,0.01185,-5.00,0.00,0.00,31.2,103.02,651.47,271.10
6.3207,-0.0005,-0.1952,0.3594,0.01415,-0.00936,0.00785,-5.00,0.00,0.00,31.2,103.02,651.47,271.06
6.3305,-0.0405,-0.1452,0.3194,0.02115,0.00263,0.00985,-5.00,0.00,0.00,31.3,103.02,651.48,271.00
6.3408,-0.1305,-0.1152,0.4594,0.01215,0.00563,0.00985,-5.00,0.00,0.00,31.3,103.02,651.48,270.96
6.3510,-0.2005,0.1347,-0.0905,-0.00684,-0.01236,0.01485,-5.00,0.00,0.00,31.4,103.02,651.48,270.90
6.3611,0.0094,-0.0152,0.2794,0.02215,0.00563,0.00985,-5.00,0.00,0.00,31.4,103.02,651.48,270.86
6.3711,-0.0305,0.0847,0.1594,0.02615,0.00463,0.00685,-5.00,0.00,0.00,31.5,103.02,651.48,270.80
6.3813,-0.2705,0.1247,0.1494,-0.00684,-0.01436,0.01585,-5.00,0.00,0.00,31.5,103.02,651.49,270.76
6.3918,0.0294,0.0247,0.2294,0.01815,-0.00536,0.01285,-5.00,0.00,0.00,31.6,103.02,651.49,270.70
6.4016,-0.1405,0.0047,0.1694,0.00515,-0.00336,0.00785,-5.00,0.00,0.00,31.6,103.02,651.49,270.66
6.4116,-0.0705,-0.5252,0.2594,0.01915,0.00063,0.00885,-5.00,0.00,0.00,31.7,103.02,651.49,270.60
6.4218,-0.1405,0.0147,0.2794,0.00715,-0.00336,0.00985,-5.00,0.00,0.00,31.7,103.02,651.49,270.56
6.4322,-0.1605,0.3647,0.0494,0.01915,0.00263,0.01085,-5.00,0.00,0.00,31.8,103.02,651.49,270.50
6.4422,-0.1805,0.2947,0.2394,0.01915,0.00163,0.01185,-5.00,0.00,0.00,31.8,103.02,651.50,270.46
6.4521,-0.2805,0.0047,0.4494,-0.02384,-0.01036,0.01085,-5.00,0.00,0.00,31.9,103.02,651.50,270.40
6.4624,-0.1005,-0.2952,0.4594,0.01715,0.00063,0.00685,-5.00,0.00,0.00,32.0,103.02,651.50,270.34
6.4723,-0.1305,0.0247,0.4794,0.00515,-0.00836,0.01185,-5.00,0.00,0.00,32.0,103.02,651.50,270.30
6.4824,-0.1005,0.4147,-0.0905,0.00415,-0.00936,0.01485,-5.00,0.00,0.00,32.1,103.02,651.50,270.24
6.4928,-0.2005,0.0747,0.0794,-0.01384,-0.00836,0.01485,-5.00,0.00,0.00,32.1,103.02,651.51,270.20
6.5026,-0.2805,0.2447,0.2294,-0.00384,-0.01236,0.01385,-5.00,0.00,0.00,32.2,103.02,651.51,270.14
6.5129,-0.0405,0.0447,0.1594,0.01415,0.00163,0.00885,-5.00,0.00,0.00,32.2,103.02,651.51,270.10
6.5236,-0.1305,0.3947,0.2094,-0.00184,-0.01136,0.01485,-5.00,0.00,0.00,32.3,103.02,651.51,270.04
6.5334,-0.3105,-0.1752,0.5794,0.00415,0.00163,0.00985,-5.00,0.00,0.00,32.3,103.02,651.51,270.00
6.5433,-0.1105,-0.2252,0.2994,0.01915,-0.00036,0.01085,-5.00,0.00,0.00,32.4,103.02,651.52,269.94
6.5534,0.1594,-0.0152,0.1994,0.01515,-0.00836,0.01085,-5.00,0.00,0.00,32.4,103.02,651.52,269.90
6.5634,-0.0305,0.0147,0.2394,0.01415,-0.00236,0.01085,-5.00,0.00,0.00,32.5,103.02,651.52,269.84
6.5735,-0.2705,0.3647,0.1494,-0.00284,-0.00936,0.01785,-5.00,0.00,0.00,32.5,103.02,651.52,269.80
6.5836,-0.1205,0.2447,0.1994,0.01615,-0.00836,0.01185,-5.00,0.00,0.00,32.6,103.02,651.52,269.74
6.5937,-0.0905,0.1447,0.2194,-0.00084,-0.01236,0.01185,-5.00,0.00,0.00,32.6,103.02,651.52,269.70
6.6039,-0.1105,-0.3552,0.3694,0.00815,-0.00436,0.01085,-5.00,0.00,0.00,32.7,103.02,651.53,269.64
6.6139,-0.1505,0.0347,0.2294,0.00515,-0.00536,0.00785,-5.00,0.00,0.00,32.7,103.02,651.53,269.60
6.6241,-0.1405,-0.0752,0.1994,-0.01084,-0.01536,0.00885,-5.00,0.00,0.00,32.8,103.02,651.53,269.54
6.6341,-0.2305,-0.1352,0.3494,0.00815,0.00363,0.01485,-5.00,0.00,0.00,32.8,103.02,651.53,269.50
6.6442,0.0494,0.1747,-0.0905,0.02315,-0.00736,0.01285,-5.00,0.00,0.00,32.9,103.02,651.53,269.44
6.6543,-0.0105,0.4347,-0.0205,0.02815,0.01263,0.00885,-5.00,0.00,0.00,32.9,103.02,651.54,269.38
6.6648,-0.0605,-0.0352,0.1594,-0.00184,-0.01436,0.01285,-5.00,0.00,0.00,33.0,103.02,651.54,269.34
6.6755,-0.0305,-0.0852,0.4594,0.01415,-0.01036,0.00985,-5.00,0.00,0.00,33.0,103.02,651.54,269.28
6.6848,-0.1305,-0.0652,0.2494,0.01515,0.00063,0.01485,-5.00,0.00,0.00,33.1,103.02,651.54,269.24
6.6949,-0.1005,-0.3352,0.4894,-0.00184,0.00163,0.00985,-5.00,0.00,0.00,33.1,103.02,651.54,269.18
6.7050,-0.1905,-0.0952,0.2894,0.01715,-0.00036,0.01185,-5.00,0.00,0.00,33.2,103.02,651.55,269.14
6.7151,-0.0505,0.4247,0.2194,0.00915,-0.00136,0.01185,-5.00,0.00,0.00,33.2,103.03,651.55,269.08
6.7254,-0.1305,-0.1052,0.1794,0.02115,-0.00236,0.00985,-5.00,0.00,0.00,33.3,103.03,651.55,269.04
6.7351,-0.0505,-0.1952,0.1494,0.01615,-0.00536,0.01385,-5.00,0.00,0.00,33.3,103.03,651.55,268.98
6.7453,0.0894,-0.2652,0.3194,0.02115,-0.00336,0.00985,-5.00,0.00,0.00,33.4,103.03,651.55,268.94
6.7554,0.0294,0.4947,-0.2505,0.00715,-0.01636,0.01385,-5.00,0.00,0.00,33.4,103.03,651.56,268.88
6.7656,-0.0505,-0.2352,0.2094,0.01415,0.00063,0.00985,-5.00,0.00,0.00,33.5,103.03,651.56,268.84
6.7757,0.1694,0.0347,0.0994,0.02915,-0.00436,0.01085,-5.00,0.00,0.00,33.5,103.03,651.56,268.78
6.7858,0.0094,0.0847,0.3594,0.00615,-0.00336,0.01285,-5.00,0.00,0.00,33.6,103.03,651.56,268.74
6.7966,-0.0705,-0.0752,0.2394,0.02915,0.00663,0.01085,-5.00,0.00,0.00,33.6,103.03,651.56,268.68
6.8060,-0.1905,-0.0152,0.2294,0.00515,0.00663,0.00785,-5.00,0.00,0.00,33.7,103.03,651.56,268.64
6.8162,0.1894,-0.1352,0.3094,0.02915,0.00163,0.00885,-5.00,0.00,0.00,33.7,103.03,651.57,268.58
6.8264,-0.1505,0.0047,0.6594,0.00815,0.00263,0.01285,-5.00,0.00,0.00,33.8,103.03,651.57,268.52
6.8364,-0.0805,-0.0352,0.3394,0.01115,-0.00336,0.01285,-5.00,0.00,0.00,33.8,103.03,651.57,268.48
6.8465,0.0294,0.2247,0.2994,0.03215,0.00363,0.01185,-5.00,0.00,0.00,33.9,103.03,651.57,268.42
6.8567,-0.2405,0.1147,0.4194,0.01315,-0.00436,0.01385,-5.00,0.00,0.00,33.9,103.03,651.57,268.38
6.8665,0.0094,-0.2052,0.2094,0.01515,-0.00536,0.01385,-5.00,0.00,0.00,34.0,103.03,651.58,268.32
6.8768,-0.1205,-0.1952,0.4194,0.01515,0.00163,0.00985,-5.00,0.00,0.00,34.0,103.03,651.58,268.28
6.8871,-0.3105,0.1747,0.4694,0.01215,0.00863,0.01285,-5.00,0.00,0.00,34.1,103.03,651.58,268.22
6.8973,0.0294,-0.2552,0.4794,0.01115,-0.00036,0.00885,-5.00,0.00,0.00,34.1,103.03,651.58,268.18
6.9073,-0.1305,-0.3952,0.6094,0.01015,0.00963,0.00785,-5.00,0.00,0.00,34.2,103.03,651.58,268.12
6.9174,-0.1805,-0.0752,0.3194,-0.00184,-0.00536,0.01185,-5.00,0.00,0.00,34.2,103.03,651.59,268.08
6.9277,0.0394,0.1047,0.0994,0.01015,-0.00536,0.01385,-5.00,0.00,0.00,34.3,103.03,651.59,268.02
6.9380,-0.3105,0.2047,0.3294,-0.00384,0.00563,0.01285,-5.00,0.00,0.00,34.3,103.03,651.59,267.98
6.9481,0.1794,-0.1552,0.2894,0.02215,-0.00236,0.00785,-5.00,0.00,0.00,34.4,103.03,651.59,267.92
6.9585,-0.0105,0.0347,-0.0005,0.00115,-0.00936,0.00985,-5.00,0.00,0.00,34.4,103.03,651.59,267.88
6.9681,-0.0905,-0.0252,0.2494,0.00715,-0.00536,0.01285,-5.00,0.00,0.00,34.5,103.03,651.60,267.82
6.9782,-0.1405,0.3447,0.0494,0.01115,-0.00736,0.01285,-5.00,0.00,0.00,34.5,103.03,651.60,267.78
6.9881,0.1394,0.0347,0.0394,0.03015,-0.01436,0.00985,-5.00,0.00,0.00,34.6,103.03,651.60,267.72
6.9986,-0.0405,0.0047,0.3494,0.02615,-0.00636,0.01185,-5.00,0.00,0.00,34.6,103.03,651.60,267.66
7.0085,-0.1405,-0.1552,0.3594,0.01615,0.00163,0.01285,-5.00,0.00,0.00,34.7,103.03,651.60,267.62
7.0186,0.0594,0.1147,0.4794,0.01815,-0.00536,0.00785,-5.00,0.00,0.00,34.7,103.03,651.60,267.56
7.0288,0.0694,-0.0152,0.3194,0.01915,-0.00236,0.00985,-5.00,0.00,0.00,34.8,103.03,651.61,267.52
7.0389,0.0694,-0.2152,0.3594,0.03215,0.00463,0.01285,-5.00,0.00,0.00,34.8,103.03,651.61,267.46
7.0488,0.0294,-0.0452,0.2494,0.02115,0.00163,0.01085,-5.00,0.00,0.00,34.9,103.03,651.61,267.42
7.0591,-0.2005,0.1147,0.0794,0.00215,-0.00236,0.00985,-5.00,0.00,0.00,34.9,103.03,651.61,267.36
7.0691,-0.1205,-0.1352,0.4094,0.00315,0.00063,0.00885,-5.00,0.00,0.00,35.0,103.03,651.61,267.32
7.0791,-0.0705,0.1147,0.0994,0.00715,-0.00436,0.01185,-5.00,0.00,0.00,35.0,103.03,651.62,267.26
7.0894,-0.5105,0.1447,0.0794,0.00615,0.00463,0.01285,-5.00,0.00,0.00,35.1,103.03,651.62,267.22
7.0996,-0.0805,0.2747,0.1894,0.01515,-0.00436,0.01585,-5.00,0.00,0.00,35.1,103.03,651.62,267.16
7.1095,-0.1505,0.0547,0.4494,0.01515,0.00063,0.01185,-5.00,0.00,0.00,35.2,103.03,651.62,267.12
7.1198,-0.1705,0.0947,0.1794,0.01615,0.00263,0.01185,-5.00,0.00,0.00,35.2,103.03,651.62,267.06
7.1300,-0.1405,-0.1752,0.4294,0.00915,-0.00036,0.01285,-5.00,0.00,0.00,35.3,103.03,651.63,267.02
7.1400,-0.0805,0.0347,0.3394,0.02515,-0.00336,0.01085,-5.00,0.00,0.00,35.3,103.03,651.63,266.96
7.1501,-0.0205,-0.0352,0.4094,0.01415,-0.00336,0.01085,-5.00,0.00,0.00,35.4,103.03,651.63,266.92
7.1606,-0.1105,0.0847,0.3894,0.00515,-0.00536,0.01285,-5.00,0.00,0.00,35.4,103.03,651.63,266.86
7.1702,0.0094,0.0647,0.2194,0.00915,-0.00536,0.01485,-5.00,0.00,0.00,35.5,103.03,651.63,266.82
7.1803,-0.1905,0.0547,0.1694,-0.00084,-0.00536,0.01285,-5.00,0.00,0.00,35.5,103.03,651.63,266.76
7.1908,-0.0905,0.0147,0.1994,0.00815,-0.00336,0.00885,-5.00,0.00,0.00,35.6,103.03,651.64,266.70
7.2006,-0.3705,0.0447,0.0594,-0.00884,-0.00436,0.01085,-5.00,0.00,0.00,35.6,103.03,651.64,266.66
7.2107,-0.2605,0.0447,0.1894,0.00515,-0.00436,0.01185,-5.00,0.00,0.00,35.7,103.03,651.64,266.60
7.2209,-0.2105,-0.2752,0.5394,0.00115,0.00163,0.00685,-5.00,0.00,0.00,35.7,103.03,651.64,266.56
7.2311,-0.1505,-0.0352,0.1494,0.00115,-0.00536,0.01185,-5.00,0.00,0.00,35.8,103.03,651.64,266.50
7.2411,-0.0005,-0.2652,0.4394,0.00415,-0.01036,0.01085,-5.00,0.00,0.00,35.8,103.03,651.65,266.46
7.2512,-0.1205,-0.2152,0.4794,0.01815,-0.00336,0.00885,-5.00,0.00,0.00,35.9,103.03,651.65,266.40
7.2619,-0.2905,-0.0952,0.4194,0.00815,0.00463,0.01085,-5.00,0.00,0.00,35.9,103.03,651.65,266.36
7.2714,-0.0305,0.0347,-0.0905,0.00715,-0.00836,0.01185,-5.00,0.00,0.00,36.0,103.03,651.65,266.30
7.2818,-0.0305,-0.0152,0.2394,0.02715,0.00163,0.01085,-5.00,0.00,0.00,36.0,103.03,651.65,266.26
7.2920,-0.0705,-0.1052,0.5094,0.00215,-0.01236,0.00985,-5.00,0.00,0.00,36.1,103.03,651.66,266.20
7.3017,-0.1705,0.0247,0.3194,0.00915,0.00563,0.00885,-5.00,0.00,0.00,36.1,103.03,651.66,266.16
7.3118,-0.0805,-0.2952,0.5394,0.01315,0.00963,0.00685,-5.00,0.00,0.00,36.2,103.03,651.66,266.10
7.3222,-0.1705,0.1047,-0.0905,0.00515,-0.00736,0.01185,-5.00,0.00,0.00,36.2,103.03,651.66,266.06
7.3321,-0.0105,-0.0552,0.3194,0.02915,0.00463,0.00885,-5.00,0.00,0.00,36.3,103.03,651.66,266.00
7.3422,-0.1305,0.3347,-0.0605,-0.00884,-0.02036,0.01385,-5.00,0.00,0.00,36.3,103.04,651.66,265.96
7.3525,-0.1005,-0.0052,0.3894,0.01315,-0.00036,0.00885,-5.00,0.00,0.00,36.4,103.04,651.67,265.90
7.3625,-0.2005,-0.2352,0.5394,0.00015,0.00063,0.01085,-5.00,0.00,0.00,36.5,103.04,651.67,265.84
7.3725,0.0494,-0.3252,0.3394,0.01515,0.00363,0.00885,-5.00,0.00,0.00,36.5,103.04,651.67,265.80
7.3827,0.0494,-0.1852,0.2394,0.02415,-0.01036,0.00885,-5.00,0.00,0.00,36.6,103.04,651.67,265.74
7.3929,-0.0505,-0.2452,0.6494,0.01815,0.00163,0.00985,-5.00,0.00,0.00,36.6,103.04,651.67,265.70
7.4029,-0.1405,0.0547,0.2794,0.01115,-0.00336,0.00985,-5.00,0.00,0.00,36.7,103.04,651.68,265.64
7.4131,-0.1505,-0.2652,0.3994,0.01415,0.00863,0.01185,-5.00,0.00,0.00,36.7,103.04,651.68,265.60
7.4232,-0.0705,0.3547,0.0494,0.00915,-0.00736,0.01385,-5.00,0.00,0.00,36.8,103.04,651.68,265.54
7.4331,-0.0005,0.0847,-0.0305,0.00915,-0.00236,0.00985,-5.00,0.00,0.00,36.8,103.04,651.68,265.50
7.4434,-0.0505,-0.0552,0.3094,0.03015,0.01563,0.01185,-5.00,0.00,0.00,36.9,103.04,651.68,265.44
7.4535,0.1094,0.0847,0.2494,0.02515,-0.00736,0.01085,-5.00,0.00,0.00,36.9,103.04,651.69,265.40
7.4640,-0.1305,0.0747,0.1194,0.01715,-0.01036,0.01185,-5.00,0.00,0.00,37.0,103.04,651.69,265.34
7.4741,-0.0805,-0.1252,0.7094,0.00815,-0.00036,0.00985,-5.00,0.00,0.00,37.0,103.04,651.69,265.30
7.4840,-0.1305,0.3547,0.4694,0.00615,0.00163,0.01285,-5.00,0.00,0.00,37.1,103.04,651.69,265.24
7.4941,0.0194,-0.0052,0.1894,0.02715,-0.00236,0.01185,-5.00,0.00,0.00,37.1,103.04,651.69,265.20
7.5040,-0.0405,-0.2852,0.4494,0.01915,0.00763,0.00485,-5.00,0.00,0.00,37.2,103.04,651.70,265.14
7.5143,-0.0605,-0.1852,0.5094,0.01015,-0.00136,0.00885,-5.00,0.00,0.00,37.2,103.04,651.70,265.10
7.5246,-0.1105,0.1347,0.1494,0.00615,-0.00736,0.01285,-5.00,0.00,0.00,37.3,103.04,651.70,265.04
7.5344,-0.0505,0.4247,-0.0705,0.01415,-0.00936,0.01985,-5.00,0.00,0.00,37.3,103.04,651.70,264.98
7.5445,0.0294,-0.1752,0.3894,0.01915,-0.00136,0.01085,-5.00,0.00,0.00,37.4,103.04,651.70,264.94
7.5547,-0.1105,0.1347,0.0294,0.02115,-0.00636,0.01185,-5.00,0.00,0.00,37.4,103.04,651.71,264.88
7.5648,-0.1905,-0.1452,0.3194,0.01415,-0.00336,0.00885,-5.00,0.00,0.00,37.5,103.04,651.71,264.84
7.5750,-0.1305,0.0947,0.0594,0.00215,-0.01136,0.01385,-5.00,0.00,0.00,37.5,103.04,651.71,264.78
7.5851,-0.0505,0.3847,-0.1305,0.02915,0.00163,0.01385,-5.00,0.00,0.00,37.6,103.04,651.71,264.74
7.5953,-0.0605,0.1547,0.2394,0.01215,-0.00936,0.01085,-5.00,0.00,0.00,37.6,103.04,651.71,264.68
7.6052,-0.2205,-0.2052,0.4194,-0.00184,-0.00736,0.01185,-5.00,0.00,0.00,37.7,103.04,651.71,264.64
7.6155,-0.0505,0.0247,0.1494,0.01115,-0.00436,0.01085,-5.00,0.00,0.00,37.7,103.04,651.72,264.58
7.6258,-0.1005,0.0247,0.2594,-0.00384,-0.01136,0.00885,-5.00,0.00,0.00,37.8,103.04,651.72,264.54
7.6354,-0.0805,-0.1052,0.1094,0.00615,-0.01236,0.01285,-5.00,0.00,0.00,37.8,103.04,651.72,264.48
7.6458,0.0694,0.1547,0.4194,0.02815,-0.00436,0.01285,-5.00,0.00,0.00,37.9,103.04,651.72,264.44
7.6557,0.1294,-0.1652,0.1194,0.02115,-0.00336,0.01285,-5.00,0.00,0.00,37.9,103.04,651.72,264.38
7.6659,-0.0605,-0.2652,0.3294,0.02115,0.00463,0.00885,-5.00,0.00,0.00,38.0,103.04,651.73,264.34
7.6758,0.0494,-0.0452,0.0894,0.01415,-0.01536,0.01285,-5.00,0.00,0.00,38.0,103.04,651.73,264.28
7.6862,-0.1505,-0.4452,0.6294,0.01115,-0.00036,0.00885,-5.00,0.00,0.00,38.1,103.04,651.73,264.24
7.6964,-0.1105,0.1047,0.0094,0.00315,-0.00736,0.01285,-5.00,0.00,0.00,38.1,103.04,651.73,264.18
7.7064,-0.0005,-0.3952,0.5094,0.02915,0.00963,0.00885,-5.00,0.00,0.00,38.2,103.04,651.73,264.12
7.7166,0.0594,-0.1252,0.4094,0.03315,0.00863,0.00985,-5.00,0.00,0.00,38.2,103.04,651.74,264.08
7.7269,-0.1805,-0.2552,0.5194,0.01615,0.00263,0.01085,-5.00,0.00,0.00,38.3,103.04,651.74,264.02
7.7368,-0.0905,-0.1352,0.3794,0.01515,0.00363,0.01485,-5.00,0.00,0.00,38.3,103.04,651.74,263.98
7.7468,-0.0205,-0.4452,0.5094,0.01215,-0.00236,0.00685,-5.00,0.00,0.00,38.4,103.04,651.74,263.92
7.7570,-0.0205,-0.2352,0.4094,0.01815,-0.00236,0.00985,-5.00,0.00,0.00,38.4,103.04,651.74,263.88
7.7671,-0.0805,0.0247,0.1394,0.02015,-0.00736,0.01585,-5.00,0.00,0.00,38.5,103.04,651.74,263.82
7.7772,-0.2105,-0.0752,0.4494,0.00915,-0.00036,0.01085,-5.00,0.00,0.00,38.5,103.04,651.75,263.78
7.7874,0.0594,-0.4452,0.5594,0.03015,0.00663,0.00785,-5.00,0.00,0.00,38.6,103.04,651.75,263.72
7.7977,-0.3605,-0.0052,0.4294,0.00115,0.00263,0.00885,-5.00,0.00,0.00,38.6,103.04,651.75,263.68
7.8076,-0.1605,-0.2052,0.2194,0.01515,0.00063,0.01285,-5.00,0.00,0.00,38.7,103.04,651.75,263.62
7.8177,-0.0105,-0.1352,0.2894,0.01915,-0.00336,0.01085,-5.00,0.00,0.00,38.7,103.04,651.75,263.58
7.8279,-0.2205,0.2547,0.1394,0.00515,-0.00236,0.01285,-5.00,0.00,0.00,38.8,103.04,651.76,263.52
7.8380,-0.1105,0.0947,-0.1105,0.01015,-0.01436,0.01285,-5.00,0.00,0.00,38.8,103.04,651.76,263.48
7.8481,-0.0305,0.1447,-0.0605,0.00215,-0.01336,0.01385,-5.00,0.00,0.00,38.9,103.04,651.76,263.42
7.8583,-0.0505,0.3447,0.0094,0.02515,-0.00636,0.01285,-5.00,0.00,0.00,38.9,103.04,651.76,263.38
7.8683,0.0594,-0.0452,0.2094,0.00815,-0.01236,0.01285,-5.00,0.00,0.00,39.0,103.04,651.76,263.32
7.8784,-0.2905,0.1147,0.1394,0.00515,-0.00236,0.01785,-5.00,0.00,0.00,39.0,103.04,651.77,263.26
7.8885,-0.1005,-0.0452,0.3594,0.01915,-0.00136,0.01185,-5.00,0.00,0.00,39.1,103.04,651.77,263.22
7.8988,0.0194,-0.1952,0.4394,0.01515,-0.00936,0.01085,-5.00,0.00,0.00,39.1,103.04,651.77,263.16
7.9088,-0.4205,0.1447,0.0194,-0.00984,-0.00436,0.01485,-5.00,0.00,0.00,39.2,103.04,651.77,263.12
7.9191,-0.0305,-0.3852,0.5694,0.02515,0.01363,0.00985,-5.00,0.00,0.00,39.2,103.04,651.77,263.06
7.9291,-0.3405,0.2247,0.3694,0.00115,0.00263,0.01785,-5.00,0.00,0.00,39.3,103.04,651.77,263.02
7.9392,0.1794,-0.2252,0.2494,0.02615,0.00863,0.01285,-5.00,0.00,0.00,39.3,103.04,651.78,262.96
7.9491,0.0194,0.0847,0.2894,0.00315,0.00463,0.01485,-5.00,0.00,0.00,39.4,103.04,651.78,262.92
7.9596,-0.0405,-0.1652,0.4594,-0.00284,0.00563,0.01685,-5.00,0.00,0.00,39.4,103.04,651.78,262.86
7.9695,0.1394,-0.1852,-0.0805,0.01115,0.00763,0.01785,-5.00,0.00,0.00,39.5,103.04,651.78,262.82
7.9795,0.0094,0.0047,0.2194,0.00215,0.01363,0.01885,-5.00,0.00,0.00,39.5,103.04,651.78,262.76
7.9897,-0.1505,-0.3252,0.7394,0.01015,0.02863,0.01985,-5.00,0.00,0.00,39.6,103.05,651.79,262.72
7.9998,0.0994,-0.1152,0.5694,0.00515,0.02063,0.02585,-5.00,0.00,0.00,39.6,103.05,651.79,262.66
8.0097,0.0494,-0.2952,0.6194,0.03515,0.05263,0.01985,-5.00,0.00,0.00,39.7,103.05,651.79,262.62
8.0202,0.2394,0.0047,0.2694,0.01015,0.03063,0.02285,-5.00,0.00,0.00,39.7,103.05,651.79,262.56
8.0302,0.2194,0.0847,0.1894,0.02215,0.03563,0.02385,-5.00,0.00,0.00,39.8,103.05,651.79,262.52
8.0402,-0.1005,0.1747,0.3294,-0.00284,0.03263,0.02485,-5.00,0.00,0.00,39.8,103.05,651.80,262.46
8.0503,0.3294,0.2447,-0.0905,0.02615,0.02863,0.02685,-5.00,0.00,0.00,39.9,103.05,651.80,262.42
8.0604,0.1494,0.1147,0.4294,0.01215,0.03163,0.02885,-5.00,0.00,0.00,39.9,103.05,651.80,262.36
8.0704,0.2094,0.1147,0.0794,0.01115,0.03563,0.02685,-5.00,0.00,0.00,40.0,103.05,651.80,262.30
8.0805,0.2794,0.0147,0.3994,0.00915,0.04063,0.02885,-5.00,0.00,0.00,40.0,103.05,651.80,262.26
8.0907,0.1394,-0.5152,0.6594,0.01515,0.05363,0.02485,-5.00,0.00,0.00,40.1,103.05,651.81,262.20
8.1010,0.1294,-0.3752,0.4594,0.02815,0.05263,0.02685,-5.00,0.00,0.00,40.1,103.05,651.81,262.16
8.1109,0.0894,-0.1352,0.2594,0.00215,0.04263,0.02985,-5.00,0.00,0.00,40.2,103.05,651.81,262.10
8.1212,0.0994,0.2547,0.1394,0.01015,0.03963,0.02985,-5.00,0.00,0.00,40.2,103.05,651.81,262.06
8.1312,0.3494,-0.2952,0.6194,0.01815,0.04863,0.02985,-5.00,0.00,0.00,40.3,103.05,651.81,262.00
8.1411,0.3194,0.0447,0.6194,0.01315,0.05063,0.03085,-5.00,0.00,0.00,40.3,103.05,651.81,261.96
8.1513,0.3794,0.0547,0.1394,0.02015,0.04363,0.03185,-5.00,0.00,0.00,40.4,103.05,651.82,261.90
8.1615,0.2394,-0.0652,0.1894,0.02115,0.06463,0.03185,-5.00,0.00,0.00,40.4,103.05,651.82,261.86
8.1715,0.4994,-0.0052,0.5794,0.01215,0.05063,0.03285,-5.00,0.00,0.00,40.5,103.05,651.82,261.80
8.1818,0.0894,0.1047,0.3594,0.02615,0.07163,0.02885,-5.00,0.00,0.00,40.5,103.05,651.82,261.76
8.1918,0.2294,-0.0652,0.2894,0.01415,0.05863,0.03285,-5.00,0.00,0.00,40.6,103.05,651.82,261.70
8.2019,0.3194,-0.3552,0.2794,-0.01584,0.04463,0.03485,-5.00,0.00,0.00,40.6,103.05,651.83,261.66
8.2120,0.4494,-0.1652,0.3794,0.01715,0.05863,0.03585,-5.00,0.00,0.00,40.7,103.05,651.83,261.60
8.2222,0.3494,-0.0252,0.4294,0.00715,0.06063,0.03585,-5.00,0.00,0.00,40.7,103.05,651.83,261.57
8.2324,0.1894,0.1447,0.3694,0.00815,0.07063,0.03885,-5.00,0.00,0.00,40.8,103.05,651.83,261.51
8.2426,0.2894,0.2047,-0.0405,-0.00184,0.05463,0.03985,-5.00,0.00,0.00,40.9,103.05,651.83,261.45
8.2526,0.4594,-0.0552,0.1194,0.01615,0.05663,0.03485,-5.00,0.00,0.00,40.9,103.05,651.84,261.41
8.2628,0.3194,-0.1152,0.5594,-0.00084,0.07263,0.03585,-5.00,0.00,0.00,41.0,103.05,651.84,261.35
8.2728,0.3494,0.1347,0.3794,-0.00984,0.06263,0.04185,-5.00,0.00,0.00,41.0,103.05,651.84,261.31
8.2830,0.4494,-0.1152,0.2894,0.01715,0.06963,0.03885,-5.00,0.00,0.00,41.1,103.05,651.84,261.25
8.2933,0.4694,-0.0652,0.1094,0.00415,0.06163,0.03785,-5.00,0.00,0.00,41.1,103.05,651.84,261.21
8.3031,0.3994,0.2347,0.2094,0.02115,0.07563,0.04385,-5.00,0.00,0.00,41.2,103.05,651.85,261.15
8.3133,0.3194,0.0847,0.3794,0.00915,0.07663,0.04285,-5.00,0.00,0.00,41.2,103.05,651.85,261.11
8.3233,0.4094,0.0747,-0.0005,0.01215,0.06063,0.03985,-5.00,0.00,0.00,41.3,103.05,651.85,261.05
8.3334,0.3594,-0.0652,0.7794,-0.00284,0.07663,0.03885,-5.00,0.00,0.00,41.3,103.05,651.85,261.01
8.3435,0.3394,-0.3152,0.4894,0.01615,0.09263,0.03585,-5.00,0.00,0.00,41.4,103.05,651.85,260.95
8.3537,0.4594,-0.1352,0.2094,0.01115,0.07863,0.04285,-5.00,0.00,0.00,41.4,103.05,651.85,260.91
8.3641,0.4794,-0.1052,0.4694,0.02115,0.08863,0.03785,-5.00,0.00,0.00,41.5,103.05,651.86,260.85
8.3740,0.3894,0.1647,0.0194,0.02015,0.07863,0.04085,-5.00,0.00,0.00,41.5,103.05,651.86,260.81
8.3840,0.5194,-0.0952,0.3094,0.02615,0.08663,0.04385,-5.00,0.00,0.00,41.6,103.05,651.86,260.75
8.3943,0.5394,-0.3352,0.4894,0.01915,0.09063,0.04385,-5.00,0.00,0.00,41.6,103.05,651.86,260.71
8.4042,0.4394,0.0547,0.2794,0.01415,0.09563,0.04585,-5.00,0.00,0.00,41.7,103.05,651.86,260.65
8.4144,0.5294,-0.2552,0.5294,0.01215,0.09363,0.04085,-5.00,0.00,0.00,41.7,103.05,651.87,260.61
8.4245,0.4594,-0.2852,0.4094,0.01315,0.09163,0.04485,-5.00,0.00,0.00,41.8,103.05,651.87,260.55
8.4346,0.5394,-0.0052,0.2194,0.02015,0.09563,0.04785,-5.00,0.00,0.00,41.8,103.05,651.87,260.49
8.4448,0.3694,-0.1452,0.4394,-0.02384,0.08463,0.04685,-5.00,0.00,0.00,41.9,103.05,651.87,260.45
8.4549,0.5394,0.0047,0.3194,-0.00384,0.07863,0.04485,-5.00,0.00,0.00,41.9,103.05,651.87,260.39
8.4651,0.5594,-0.0052,0.6594,0.00915,0.10563,0.04485,-5.00,0.00,0.00,42.0,103.05,651.88,260.35
8.4760,0.5894,0.1047,0.2894,0.00015,0.11663,0.04185,-5.00,0.00,0.00,42.0,103.05,651.88,260.29
8.4853,0.5894,0.0647,0.2694,0.01415,0.11963,0.04785,-5.00,0.00,0.00,42.1,103.05,651.88,260.25
8.4955,0.6894,0.0547,0.3794,0.02815,0.14263,0.04085,-5.00,0.00,0.00,42.1,103.05,651.88,260.19
8.5055,0.7394,-0.0552,0.6194,0.02415,0.14963,0.04185,-5.00,0.00,0.00,42.2,103.05,651.88,260.15
8.5155,0.5794,0.1547,0.2194,0.01615,0.15063,0.04385,-5.00,0.00,0.00,42.2,103.05,651.88,260.09
8.5256,0.9794,0.0847,0.2794,0.02815,0.16063,0.04285,-5.00,0.00,0.00,42.3,103.05,651.89,260.05
8.5359,0.7794,-0.0952,0.4894,0.02615,0.16863,0.04085,-5.00,0.00,0.00,42.3,103.05,651.89,259.99
8.5459,1.0094,-0.1652,0.3194,0.01715,0.18663,0.04185,-5.00,0.00,0.00,42.4,103.05,651.89,259.95
8.5560,1.0094,-0.2552,0.0994,0.03615,0.18963,0.04285,-5.00,0.00,0.00,42.4,103.05,651.89,259.89
8.5662,1.0694,-0.3752,0.3894,0.02115,0.19163,0.03785,-5.00,0.00,0.00,42.5,103.05,651.89,259.85
8.5763,1.0394,-0.0552,-0.0005,0.03315,0.20463,0.04485,-5.00,0.00,0.00,42.5,103.05,651.90,259.79
8.5862,1.0894,-0.2452,0.0394,0.02115,0.19863,0.03985,-5.00,0.00,0.00,42.6,103.05,651.90,259.75
8.5965,1.0294,0.1347,0.2894,0.00715,0.20363,0.03985,-5.00,0.00,0.00,42.6,103.05,651.90,259.69
8.6065,1.1094,-0.3052,0.4094,0.02415,0.21963,0.03885,-5.00,0.00,0.00,42.7,103.05,651.90,259.63
8.6166,1.2794,0.0947,-0.1105,0.02815,0.21963,0.03785,-5.00,0.00,0.00,42.7,103.05,651.90,259.59
8.6269,1.1894,-0.1452,0.1294,0.01815,0.22263,0.03885,-5.00,0.00,0.00,42.8,103.05,651.91,259.53
8.6369,1.1794,0.3347,-0.2105,0.01315,0.21463,0.04385,-5.00,0.00,0.00,42.8,103.06,651.91,259.49
8.6470,1.2094,0.1347,0.2594,0.02715,0.24163,0.03985,-5.00,0.00,0.00,42.9,103.06,651.91,259.43
8.6573,1.3994,-0.3952,0.6294,0.04015,0.25763,0.03685,-5.00,0.00,0.00,42.9,103.06,651.91,259.39
8.6671,1.1394,-0.0652,0.4994,0.00415,0.25163,0.04085,-5.00,0.00,0.00,43.0,103.06,651.91,259.33
8.6763,1.3594,-0.2952,0.3594,0.02615,0.24563,0.03885,-5.00,0.00,0.00,43.0,103.06,651.91,259.29
8.6875,1.1794,0.2847,-0.0605,0.00115,0.23963,0.03885,-5.00,0.00,0.00,43.1,103.06,651.92,259.23
8.6978,1.4994,0.1647,0.0794,0.02615,0.24763,0.04585,-5.00,0.00,0.00,43.1,103.06,651.92,259.19
8.7077,1.1394,-0.1052,0.3694,0.00115,0.25563,0.04185,-5.00,0.00,0.00,43.2,103.06,651.92,259.13
8.7181,1.2594,0.0147,0.1394,0.00515,0.26463,0.04085,-5.00,0.00,0.00,43.2,103.06,651.92,259.09
8.7284,1.2094,0.0447,0.2394,0.02515,0.27463,0.04185,-5.00,0.00,0.00,43.3,103.06,651.92,259.03
8.7380,1.3894,0.0247,0.1694,0.01515,0.26063,0.04185,-5.00,0.00,0.00,43.3,103.06,651.93,258.99
8.7481,1.5194,0.0147,0.5894,0.01815,0.27363,0.04085,-5.00,0.00,0.00,43.4,103.06,651.93,258.93
8.7583,1.4394,0.2247,0.0194,0.02815,0.28063,0.04385,-5.00,0.00,0.00,43.4,103.06,651.93,258.89
8.7684,1.4894,-0.1552,0.2594,0.01515,0.27963,0.03885,-5.00,0.00,0.00,43.5,103.06,651.93,258.83
8.7785,1.4494,0.0247,0.1594,0.01915,0.29963,0.04085,-5.00,0.00,0.00,43.5,103.06,651.93,258.77
8.7885,1.5494,0.1047,0.0294,0.02115,0.28763,0.04385,-5.00,0.00,0.00,43.6,103.06,651.94,258.73
8.7993,1.6894,-0.0852,0.3094,0.04115,0.30763,0.03685,-5.00,0.00,0.00,43.6,103.06,651.94,258.67
8.8090,1.5894,-0.0052,0.2094,0.02215,0.30463,0.03885,-5.00,0.00,0.00,43.7,103.06,651.94,258.63
8.8189,1.5994,-0.3952,0.5294,0.02415,0.32263,0.03885,-5.00,0.00,0.00,43.7,103.06,651.94,258.57
8.8290,1.5594,-0.1152,0.4994,0.01015,0.31663,0.03885,-5.00,0.00,0.00,43.8,103.06,651.94,258.53
8.8391,1.4894,-0.2252,0.6894,0.00915,0.32063,0.04085,-5.00,0.00,0.00,43.8,103.06,651.95,258.47
8.8494,1.6594,-0.0452,0.3994,0.01615,0.32863,0.04385,-5.00,0.00,0.00,43.9,103.06,651.95,258.43
8.8595,1.5794,-0.2752,0.6494,0.00715,0.33263,0.03585,-5.00,0.00,0.00,43.9,103.06,651.95,258.37
8.8698,1.6594,-0.1052,0.3594,0.00415,0.32463,0.03885,-5.00,0.00,0.00,44.0,103.06,651.95,258.33
8.8795,1.7594,-0.1152,0.3794,0.01615,0.33063,0.04085,-5.00,0.00,0.00,44.0,103.06,651.95,258.27
8.8898,1.6394,0.0247,0.3194,0.01815,0.34463,0.03785,-5.00,0.00,0.00,44.1,103.06,651.95,258.23
8.9000,1.8594,-0.0052,0.3894,0.00115,0.34163,0.04385,-5.00,0.00,0.00,44.1,103.06,651.96,258.17
8.9103,1.8694,-0.2452,0.4094,0.01915,0.34863,0.03885,-5.00,0.00,0.00,44.2,103.06,651.96,258.13
8.9203,2.1694,0.0147,0.3994,0.03315,0.35263,0.03685,-5.00,0.00,0.00,44.2,103.06,651.96,258.07
8.9304,1.8494,-0.1352,0.6194,0.01715,0.37863,0.04385,-5.00,0.00,0.00,44.3,103.06,651.96,258.03
8.9404,1.8794,-0.0752,0.3494,0.00815,0.36463,0.04085,-5.00,0.00,0.00,44.3,103.06,651.96,257.97
8.9505,1.9694,-0.0452,0.2694,0.02115,0.36863,0.03885,-5.00,0.00,0.00,44.4,103.06,651.97,257.91
8.9612,1.9794,0.3747,0.1594,0.01815,0.36863,0.04385,-5.00,0.00,0.00,44.4,103.06,651.97,257.87
8.9706,1.9294,0.1647,0.3794,0.01115,0.37963,0.03785,-5.00,0.00,0.00,44.5,103.06,651.97,257.81
8.9809,2.0094,-0.1252,0.2394,0.01915,0.37663,0.04185,-5.00,0.00,0.00,44.5,103.06,651.97,257.77
8.9914,1.8194,0.1647,0.0694,0.01215,0.39163,0.04285,-5.00,0.00,0.00,44.6,103.06,651.97,257.71
9.0011,2.0494,0.1847,0.1094,0.01715,0.38463,0.04085,-5.00,0.00,0.00,44.6,103.06,651.98,257.67
9.0111,2.0294,-0.3452,0.7294,0.02715,0.40663,0.03785,-5.00,0.00,0.00,44.7,103.06,651.98,257.61
9.0213,2.1394,0.0247,0.2194,0.01215,0.39263,0.04185,-5.00,0.00,0.00,44.7,103.06,651.98,257.57
9.0315,2.2394,0.0747,0.2994,0.02615,0.40763,0.03785,-5.00,0.00,0.00,44.8,103.06,651.98,257.51
9.0415,2.1894,0.0247,0.2994,0.00815,0.39863,0.03685,-5.00,0.00,0.00,44.8,103.06,651.98,257.47
9.0516,1.9494,0.0347,0.4894,0.01015,0.42063,0.04185,-5.00,0.00,0.00,44.9,103.06,651.99,257.41
9.0620,2.1994,-0.1452,0.4194,0.01515,0.41563,0.03785,-5.00,0.00,0.00,44.9,103.06,651.99,257.37
9.0720,1.9194,-0.0252,0.5494,0.00315,0.42063,0.04185,-5.00,0.00,0.00,45.0,103.06,651.99,257.31
9.0821,2.3794,0.0447,0.2994,0.00315,0.41663,0.03885,-5.00,0.00,0.00,45.0,103.06,651.99,257.27
9.0922,2.2694,0.4247,0.1994,0.01015,0.41863,0.04185,-5.00,0.00,0.00,45.1,103.06,651.99,257.21
9.1019,2.3394,-0.1752,0.4894,0.01815,0.43463,0.03885,-5.00,0.00,0.00,45.1,103.06,651.99,257.17
9.1125,2.2194,0.3447,0.3294,0.02115,0.44463,0.04085,-5.00,0.00,0.00,45.2,103.06,652.00,257.11
9.1226,2.3494,0.0047,0.5594,0.00815,0.44163,0.03885,-5.00,0.00,0.00,45.2,103.06,652.00,257.07
9.1326,2.4894,0.0547,0.4794,0.01615,0.44963,0.03985,-5.00,0.00,0.00,45.3,103.06,652.00,257.01
9.1426,2.3894,0.2047,0.2694,0.02015,0.45863,0.04585,-5.00,0.00,0.00,45.4,103.06,652.00,256.95
9.1527,2.2694,0.0447,0.3694,0.00115,0.44863,0.03785,-5.00,0.00,0.00,45.4,103.06,652.00,256.91
9.1630,2.4594,0.0947,0.3794,0.02515,0.45863,0.04285,-5.00,0.00,0.00,45.5,103.06,652.01,256.85
9.1729,2.4194,-0.0852,0.5094,0.00815,0.44063,0.03985,-5.00,0.00,0.00,45.5,103.06,652.01,256.81
9.1832,2.5694,0.4647,0.1294,0.01015,0.44163,0.04385,-5.00,0.00,0.00,45.6,103.06,652.01,256.75
9.1934,2.4394,-0.0152,0.2294,0.02615,0.45563,0.03885,-5.00,0.00,0.00,45.6,103.06,652.01,256.71
9.2033,2.5894,0.0247,0.4794,0.03115,0.46663,0.03785,-5.00,0.00,0.00,45.7,103.06,652.01,256.65
9.2135,2.5594,-0.0552,0.6394,0.00115,0.45463,0.03885,-5.00,0.00,0.00,45.7,103.06,652.02,256.61
9.2236,2.3594,0.2347,0.1794,0.01715,0.46863,0.04185,-5.00,0.00,0.00,45.8,103.06,652.02,256.55
9.2343,2.3794,0.2547,0.1994,0.01415,0.47363,0.04385,-5.00,0.00,0.00,45.8,103.06,652.02,256.51
9.2442,2.3094,-0.1152,0.3894,-0.00084,0.48063,0.04285,-5.00,0.00,0.00,45.9,103.06,652.02,256.45
9.2542,2.5094,-0.0052,0.3694,0.00415,0.47463,0.04185,-5.00,0.00,0.00,45.9,103.06,652.02,256.41
9.2647,2.5194,0.4447,0.3794,0.02115,0.49763,0.04585,-5.00,0.00,0.00,46.0,103.06,652.03,256.35
9.2749,2.7694,-0.0152,0.3894,0.02815,0.48963,0.04385,-5.00,0.00,0.00,46.0,103.06,652.03,256.31
9.2844,2.4394,-0.0052,0.3494,0.01615,0.50663,0.04185,-5.00,0.00,0.00,46.1,103.06,652.03,256.25
9.2947,2.6994,-0.2352,0.4994,0.02415,0.49963,0.04085,-5.00,0.00,0.00,46.1,103.06,652.03,256.19
9.3048,2.6594,-0.0452,0.5094,0.01215,0.50963,0.04185,-5.00,0.00,0.00,46.2,103.07,652.03,256.15
9.3149,2.6494,-0.3252,0.5094,0.02415,0.52163,0.03985,-5.00,0.00,0.00,46.2,103.07,652.03,256.09
9.3251,2.8094,0.0647,0.1694,0.01815,0.51763,0.04485,-5.00,0.00,0.00,46.3,103.07,652.04,256.05
9.3351,2.8494,-0.2752,0.5294,0.01915,0.53363,0.03985,-5.00,0.00,0.00,46.3,103.07,652.04,255.99
9.3451,3.0294,0.2147,0.1194,0.02915,0.52363,0.04285,-5.00,0.00,0.00,46.4,103.07,652.04,255.95
9.3555,2.8894,-0.1552,0.4594,0.00915,0.53063,0.03885,-5.00,0.00,0.00,46.4,103.07,652.04,255.89
9.3653,2.8394,0.0747,0.8794,0.01115,0.54563,0.04185,-5.00,0.00,0.00,46.5,103.07,652.04,255.85
9.3753,3.0094,0.1147,0.6094,0.01215,0.53763,0.04385,-5.00,0.00,0.00,46.5,103.07,652.05,255.79
9.3855,2.9394,-0.3352,0.6594,0.01915,0.55163,0.04285,-5.00,0.00,0.00,46.6,103.07,652.05,255.75
9.3957,2.7594,-0.1152,0.8394,0.00415,0.56763,0.04385,-5.00,0.00,0.00,46.6,103.07,652.05,255.69
9.4057,2.9694,-0.1552,0.4694,0.02615,0.56863,0.04185,-5.00,0.00,0.00,46.7,103.07,652.05,255.65
9.4159,2.9494,0.0747,0.7194,0.01415,0.57763,0.04385,-5.00,0.00,0.00,46.7,103.07,652.05,255.59
9.4262,2.8494,-0.0652,0.5794,0.01515,0.57463,0.04385,-5.00,0.00,0.00,46.8,103.07,652.06,255.55
9.4361,3.1394,0.1447,-0.0405,0.00715,0.56363,0.04185,-5.00,0.00,0.00,46.8,103.07,652.06,255.49
9.4462,3.0194,-0.0652,0.7194,0.01515,0.59163,0.04385,-5.00,0.00,0.00,46.9,103.07,652.06,255.45
9.4563,3.1994,0.1747,0.2094,0.02015,0.57963,0.04285,-5.00,0.00,0.00,46.9,103.07,652.06,255.39
9.4667,3.0694,0.1647,0.0894,0.02915,0.59563,0.04285,-5.00,0.00,0.00,47.0,103.07,652.06,255.33
9.4764,3.1794,0.0647,0.4394,-0.00084,0.57763,0.04185,-5.00,0.00,0.00,47.0,103.07,652.06,255.29
9.4866,3.3294,-0.1852,0.5294,0.03415,0.60563,0.04085,-5.00,0.00,0.00,47.1,103.07,652.07,255.23
9.4970,3.2694,0.0247,0.5094,0.01415,0.60063,0.03785,-5.00,0.00,0.00,47.1,103.07,652.07,255.19
9.5069,3.2994,-0.0052,0.4894,0.02015,0.60863,0.03885,-5.00,0.00,0.00,47.2,103.07,652.07,255.13
9.5171,3.3594,0.2347,0.2594,0.00715,0.60663,0.04285,-5.00,0.00,0.00,47.2,103.07,652.07,255.09
9.5274,3.3094,-0.0252,0.3594,0.03015,0.62663,0.04085,-5.00,0.00,0.00,47.3,103.07,652.07,255.03
9.5371,3.3594,0.2247,0.2594,0.02815,0.62663,0.04385,-5.00,0.00,0.00,47.3,103.07,652.08,254.99
9.5473,3.3594,0.4847,0.3094,0.02315,0.62263,0.04685,-5.00,0.00,0.00,47.4,103.07,652.08,254.93
9.5575,3.5394,-0.1852,0.4594,0.03915,0.63463,0.03985,-5.00,0.00,0.00,47.4,103.07,652.08,254.89
9.5677,3.2594,0.0747,0.5694,0.02115,0.64263,0.04385,-5.00,0.00,0.00,47.5,103.07,652.08,254.83
9.5776,3.4194,0.3247,0.1494,0.00815,0.63363,0.04585,-5.00,0.00,0.00,47.5,103.07,652.08,254.79
9.5877,3.5794,-0.3552,0.7894,0.02715,0.64863,0.03785,-5.00,0.00,0.00,47.6,103.07,652.09,254.73
9.5980,3.4394,-0.1852,0.5694,0.02415,0.64663,0.03885,-5.00,0.00,0.00,47.6,103.07,652.09,254.69
9.6079,3.4894,0.0447,0.3694,0.01615,0.65263,0.04185,-5.00,0.00,0.00,47.7,103.07,652.09,254.63
9.6181,3.4794,0.1847,0.0694,0.01415,0.65063,0.04485,-5.00,0.00,0.00,47.7,103.07,652.09,254.59
9.6285,3.5094,0.4647,0.2194,-0.00184,0.65463,0.04585,-5.00,0.00,0.00,47.8,103.07,652.09,254.53
9.6386,3.6494,-0.0152,0.7294,0.03515,0.68763,0.03985,-5.00,0.00,0.00,47.8,103.07,652.09,254.49
9.6489,3.4494,-0.0552,0.8894,0.03315,0.68763,0.04485,-5.00,0.00,0.00,47.9,103.07,652.10,254.43
9.6586,3.6094,-0.1252,0.7994,0.03015,0.68963,0.03985,-5.00,0.00,0.00,47.9,103.07,652.10,254.37
9.6689,3.4194,0.0947,0.4394,0.02115,0.69163,0.04185,-5.00,0.00,0.00,48.0,103.07,652.10,254.33
9.6787,3.7394,0.1747,0.3994,0.03015,0.69363,0.04485,-5.00,0.00,0.00,48.0,103.07,652.10,254.27
9.6889,3.6994,0.0647,0.4294,0.01515,0.68663,0.04285,-5.00,0.00,0.00,48.1,103.07,652.10,254.23
9.6991,3.8094,0.0347,0.1794,0.03015,0.70363,0.04685,-5.00,0.00,0.00,48.1,103.07,652.11,254.17
9.7093,3.9094,-0.1852,0.5494,0.02415,0.70763,0.04285,-5.00,0.00,0.00,48.2,103.07,652.11,254.13
9.7193,3.8094,0.1147,0.3394,0.02715,0.71463,0.04485,-5.00,0.00,0.00,48.2,103.07,652.11,254.07
9.7295,3.6694,0.3347,0.2494,0.03315,0.73063,0.04885,-5.00,0.00,0.00,48.3,103.07,652.11,254.03
9.7394,3.8994,-0.2552,0.7594,0.03715,0.73763,0.04085,-5.00,0.00,0.00,48.3,103.07,652.11,253.97
9.7496,3.9494,0.0147,0.4194,0.02715,0.73963,0.04485,-5.00,0.00,0.00,48.4,103.07,652.12,253.93
9.7598,3.8094,0.0247,0.3294,0.01115,0.74263,0.04485,-5.00,0.00,0.00,48.4,103.07,652.12,253.87
